Year,PLAYER,Player ID,G,REC,YDS,Y/R,YBC,YBC/R,AIR,AIR/R,YAC,YAC/R,YACON,YACON/R,BRKTKL,TGT,% TM,CATCHABLE,DROP,RZ TGT,10+ YDS,20+ YDS,30+ YDS,40+ YDS,50+ YDS,LNG,TD,Model Pred,Var
2023,Tyreek Hill (MIA),1,16,119,1799,15.1,1146,9.6,1847,15.5,653,5.5,85,0.7,12,171,0.311,131,12,24,64,29,14,9,5,78,13,13.8008,0.8008
2023,CeeDee Lamb (DAL),2,17,135,1749,13,1073,7.9,1726,12.8,676,5,207,1.5,11,181,0.299,143,6,31,73,29,8,3,1,92,12,12.5485,0.5485
2023,Amon-Ra St. Brown (DET),3,16,119,1515,12.7,847,7.1,1297,10.9,668,5.6,159,1.3,10,164,0.286,127,8,23,60,24,6,3,1,70,10,9.8599,-0.1401
2023,Puka Nacua (LAR),4,17,105,1486,14.2,854,8.1,1453,13.8,632,6,233,2.2,7,160,0.288,117,13,16,59,25,10,3,2,80,6,8.6911,2.6911
2023,A.J. Brown (PHI),5,17,106,1456,13.7,983,9.3,1852,17.5,473,4.5,215,2,9,158,0.301,111,7,15,62,21,9,3,1,59,7,8.2654,1.2654
2023,DJ Moore (CHI),6,17,96,1364,14.2,825,8.6,1479,15.4,539,5.6,166,1.7,9,136,0.285,100,4,11,53,25,12,2,2,58,8,8.2435,0.2435
2023,Brandon Aiyuk (SF),7,16,75,1342,17.9,960,12.8,1448,19.3,382,5.1,94,1.3,2,105,0.223,77,2,9,58,28,10,3,1,76,7,8.7926,1.7926
2023,Nico Collins (HOU),8,15,80,1297,16.2,750,9.4,1189,14.9,547,6.8,255,3.2,16,109,0.193,82,2,15,48,25,7,5,4,75,8,9.1746,1.1746
2023,Mike Evans (TB),9,17,79,1255,15.9,933,11.8,1899,24,322,4.1,76,1,2,136,0.247,86,7,14,46,20,10,6,3,75,13,8.3588,-4.6412
2023,Amari Cooper (CLE),10,15,72,1250,17.4,979,13.6,1811,25.2,271,3.8,68,0.9,2,128,0.214,79,7,13,47,21,8,8,5,75,5,8.5896,3.5896
2023,Keenan Allen (CHI),11,13,108,1243,11.5,847,7.8,1446,13.4,396,3.7,83,0.8,5,150,0.244,114,5,12,47,19,4,1,0,42,7,6.396,-0.604
2023,Ja'Marr Chase (CIN),12,16,100,1216,12.2,675,6.8,1220,12.2,541,5.4,123,1.2,6,145,0.245,105,5,19,48,14,7,4,3,76,7,7.208,0.208
2023,Stefon Diggs (HOU),13,17,107,1183,11.1,784,7.3,1653,15.4,399,3.7,163,1.5,10,160,0.294,115,8,15,50,10,6,2,1,55,8,5.86265,-2.13735
2023,Michael Pittman Jr. (IND),14,16,109,1152,10.6,639,5.9,1232,11.3,513,4.7,153,1.4,3,156,0.286,113,3,19,42,10,6,3,1,75,4,5.8021,1.8021
2023,Davante Adams (LV),15,17,103,1144,11.1,808,7.8,1900,18.4,336,3.3,74,0.7,2,175,0.33,111,8,29,47,13,4,2,0,46,8,8.44,0.44
2023,George Pickens (PIT),16,17,63,1140,18.1,747,11.9,1423,22.6,393,6.2,108,1.7,5,106,0.219,65,2,8,42,22,11,6,3,86,5,7.0811,2.0811
2023,Chris Olave (NO),17,16,87,1123,12.9,776,8.9,1834,21.1,347,4,59,0.7,3,138,0.238,93,6,11,45,16,5,3,1,51,5,5.7284,0.7284
2023,DK Metcalf (SEA),18,16,66,1114,16.9,747,11.3,1525,23.1,367,5.6,116,1.8,6,119,0.218,74,7,23,43,19,11,4,3,73,8,9.7183,1.7183
2023,Justin Jefferson (MIN),19,10,68,1074,15.8,814,12,1258,18.5,260,3.8,92,1.4,2,100,0.165,72,1,11,42,25,7,2,1,52,5,7.3792,2.3792
2023,DeVonta Smith (PHI),20,16,81,1066,13.2,772,9.5,1350,16.7,294,3.6,55,0.7,4,112,0.213,87,5,6,43,14,8,3,2,63,7,5.69,-1.31
2023,DeAndre Hopkins (TEN),21,17,75,1057,14.1,834,11.1,1928,25.7,223,3,61,0.8,4,137,0.287,80,4,17,41,15,7,4,1,61,7,7.42,0.42
2023,Garrett Wilson (NYJ),22,17,95,1042,11,715,7.5,1681,17.7,327,3.4,141,1.5,10,168,0.298,103,7,17,38,11,7,2,1,68,3,5.666,2.666
2023,Chris Godwin (TB),23,17,83,1024,12.3,639,7.7,1169,14.1,385,4.6,55,0.7,2,130,0.236,88,5,16,43,14,6,2,0,47,2,5.96,3.96
2023,Calvin Ridley (TEN),24,17,76,1016,13.4,822,10.8,1797,23.6,194,2.6,39,0.5,1,136,0.224,82,6,26,43,17,5,2,1,59,8,9.039,1.039
2023,Adam Thielen (CAR),25,17,103,1014,9.8,669,6.5,1029,10,345,3.3,66,0.6,2,137,0.257,110,7,14,40,9,3,0,0,32,4,5.4,1.4
2023,Jaylen Waddle (MIA),26,14,72,1014,14.1,593,8.2,1053,14.6,421,5.8,76,1.1,7,104,0.189,76,4,8,49,12,6,2,2,60,4,4.85,0.85
2023,Terry McLaurin (WAS),27,17,79,1002,12.7,652,8.3,1508,19.1,350,4.4,103,1.3,4,132,0.22,84,5,8,41,15,6,2,0,48,5,3.97,-1.03
2023,Rashee Rice (KC),28,16,79,938,11.9,285,3.6,492,6.2,653,8.3,134,1.7,3,102,0.17,87,8,22,36,10,4,1,1,67,7,6.36,-0.64
2023,Jordan Addison (MIN),29,17,70,911,13,649,9.3,1347,19.2,262,3.7,76,1.1,4,108,0.178,73,3,15,36,15,6,3,2,62,10,6.55,-3.45
2023,Drake London (ATL),30,16,69,905,13.1,721,10.4,1273,18.4,184,2.7,63,0.9,2,110,0.217,73,4,16,38,17,3,1,0,45,2,7.047,5.047
2023,Tyler Lockett (SEA),31,17,79,894,11.3,674,8.5,1312,16.6,220,2.8,16,0.2,1,122,0.223,84,5,12,39,9,4,0,0,37,5,4.916,-0.084
2023,Deebo Samuel Sr. (SF),32,15,60,892,14.9,365,6.1,588,9.8,527,8.8,173,2.9,12,89,0.189,63,2,17,32,15,8,6,1,54,7,6.299,-0.701
2023,Zay Flowers (BAL),33,16,77,858,11.1,467,6.1,911,11.8,391,5.1,55,0.7,9,108,0.227,82,4,13,31,12,5,4,2,75,5,5.799,0.799
2023,Jakobi Meyers (LV),34,16,71,807,11.4,565,8,1028,14.5,242,3.4,55,0.8,6,106,0.2,73,2,15,38,8,2,0,0,33,8,5.128,-2.872
2023,Jayden Reed (GB),35,16,64,793,12.4,458,7.2,970,15.2,335,5.2,73,1.1,3,94,0.168,67,3,14,29,13,10,3,1,59,8,5.6287,-2.3713
2023,Christian Kirk (JAC),36,12,57,787,13.8,540,9.5,842,14.8,247,4.3,29,0.5,3,85,0.14,61,4,5,29,13,6,3,1,57,3,4.26,1.26
2023,Courtland Sutton (DEN),37,16,59,772,13.1,616,10.4,1060,18,156,2.6,41,0.7,0,90,0.189,65,6,17,32,14,7,2,0,46,10,7.14,-2.86
2023,Josh Downs (IND),38,17,68,771,11.3,400,5.9,703,10.3,371,5.5,62,0.9,2,98,0.179,73,5,9,28,10,5,2,2,59,2,4.076,2.076
2023,Darius Slayton (NYG),39,17,50,770,15.4,472,9.4,960,19.2,298,6,70,1.4,5,79,0.163,53,3,4,26,11,6,3,2,80,4,4.2,0.2
2023,Jerry Jeudy (CLE),40,16,54,758,14,435,8.1,1109,20.5,323,6,78,1.4,4,87,0.182,56,2,10,29,10,6,5,0,47,2,4.04,2.04
2023,Gabe Davis (JAC),41,17,45,746,16.6,566,12.6,1231,27.4,180,4,42,0.9,1,81,0.149,48,3,11,27,12,6,2,1,57,7,5.57,-1.43
2023,Cooper Kupp (LAR),42,12,59,737,12.5,415,7,789,13.4,322,5.5,92,1.6,5,95,0.171,63,4,18,24,10,7,2,1,62,5,6.115,1.115
2023,Rashid Shaheed (NO),43,16,46,719,15.6,568,12.3,1094,23.8,151,3.3,26,0.6,3,75,0.13,48,2,7,23,12,9,7,3,58,5,5.09,0.09
2023,Diontae Johnson (CAR),44,13,51,717,14.1,456,8.9,1115,21.9,261,5.1,67,1.3,4,87,0.18,54,2,10,27,10,5,2,1,71,5,4.527,-0.473
2023,Tank Dell (HOU),45,11,47,709,15.1,557,11.9,1070,22.8,152,3.2,25,0.5,0,75,0.133,51,4,8,28,10,3,3,1,68,7,4.6412,-2.3588
2023,Romeo Doubs (GB),46,17,59,674,11.4,540,9.2,1126,19.1,134,2.3,33,0.6,1,96,0.171,64,6,18,31,7,3,0,0,36,8,5.75,-2.25
2023,Tyler Boyd (CIN),47,17,67,667,10,388,5.8,637,9.5,279,4.2,108,1.6,2,98,0.166,72,5,7,23,6,3,2,1,64,2,2.55,0.55
2023,Brandin Cooks (DAL),48,16,54,657,12.2,532,9.9,1070,19.8,125,2.3,42,0.8,0,81,0.134,57,3,12,23,11,5,0,0,37,8,5.22,-2.78
2023,Tee Higgins (CIN),49,12,42,656,15.6,421,10,973,23.2,235,5.6,24,0.6,0,76,0.128,49,7,9,30,8,3,2,1,80,5,3.89,-1.11
2023,Elijah Moore (CLE),50,17,59,640,10.8,449,7.6,1143,19.4,191,3.2,38,0.6,4,104,0.174,64,5,13,27,9,3,1,0,42,2,4,2
2023,Jaxon Smith-Njigba (SEA),51,17,63,628,10,262,4.2,569,9,366,5.8,55,0.9,3,93,0.17,72,10,10,27,7,3,0,0,35,4,3.11,-0.89
2023,Curtis Samuel (BUF),52,16,62,613,9.9,353,5.7,599,9.7,260,4.2,59,1,4,91,0.151,64,2,15,21,7,4,0,0,37,4,4.39,0.39
2023,Khalil Shakir (BUF),53,17,39,611,15.7,329,8.4,402,10.3,282,7.2,51,1.3,0,45,0.083,39,0,2,25,10,4,2,1,81,2,2.88,0.88
2023,Josh Reynolds (DEN),54,17,40,608,15.2,435,10.9,645,16.1,173,4.3,51,1.3,2,64,0.111,44,4,10,26,17,1,0,0,33,5,5.04,0.04
2023,Dontayvion Wicks (GB),55,15,39,581,14.9,369,9.5,586,15,211,5.4,101,2.6,5,58,0.103,42,3,8,26,11,3,0,0,35,4,3.9,-0.1
2023,Joshua Palmer (LAC),56,11,38,581,15.3,385,10.1,693,18.2,196,5.2,22,0.6,1,61,0.099,42,3,9,16,9,4,3,3,79,2,4.77,2.77
2023,Marquise Brown (KC),57,14,51,574,11.3,410,8,1199,23.5,164,3.2,28,0.5,2,101,0.187,55,4,9,26,8,2,1,0,41,4,2.65,-1.35
2023,Noah Brown (HOU),58,10,33,567,17.2,344,10.4,658,19.9,223,6.8,59,1.8,1,55,0.097,36,3,7,19,14,6,1,1,75,2,4.4,2.4
2023,Michael Wilson (ARI),59,13,38,565,14.9,426,11.2,716,18.8,139,3.7,37,1,3,58,0.107,38,0,7,26,7,2,1,1,69,3,3.6,0.6
2023,Odell Beckham Jr. (FA),60,14,35,565,16.1,410,11.7,888,25.4,155,4.4,35,1,1,64,0.134,38,3,11,22,10,5,3,1,51,3,4.7,1.7
2023,DeMario Douglas (NE),61,14,49,561,11.4,225,4.6,648,13.2,336,6.9,46,0.9,1,79,0.146,50,1,4,26,6,3,2,0,42,0,0.86,0.86
2023,K.J. Osborn (NE),62,16,48,540,10.7,343,7.1,659,13.7,171,3.6,21,0.4,1,75,0.124,53,5,10,23,6,3,1,0,47,3,3.5,0.5
2023,DJ Chark Jr. (CAR),63,15,35,525,15,441,12.6,1016,29,84,2.4,27,0.8,1,66,0.124,38,4,6,23,9,3,2,0,47,5,3.32,-1.68
2023,Wan'Dale Robinson (NYG),64,15,60,525,8.8,238,4,410,6.8,287,4.8,80,1.3,5,78,0.161,63,3,2,20,7,2,0,0,33,1,1.3,0.3
2023,Jahan Dotson (WAS),65,17,49,518,10.6,403,8.2,774,15.8,115,2.3,24,0.5,0,83,0.138,53,5,11,24,5,1,0,0,33,4,3.27,-0.73
2023,Alec Pierce (IND),66,17,32,514,16.1,417,13,969,30.3,97,3,25,0.8,1,65,0.119,35,3,6,19,8,5,2,2,58,2,3.588,1.588
2023,Kalif Raymond (DET),67,17,35,489,14,275,7.9,388,11.1,214,6.1,26,0.7,1,44,0.077,37,2,4,23,9,3,2,0,41,1,2.47,1.47
2023,Tutu Atwell (LAR),68,16,39,483,12.4,379,9.7,767,19.7,104,2.7,12,0.3,0,67,0.121,43,4,5,20,8,5,2,0,44,3,2.66,-0.34
2023,Justin Watson (KC),69,16,27,460,17,413,15.3,928,34.4,47,1.7,5,0.2,0,53,0.088,30,4,6,19,8,5,1,0,41,3,3.5,0.5
2023,Michael Thomas (NO),70,10,39,448,11.5,348,8.9,650,16.7,100,2.6,30,0.8,2,64,0.111,42,3,9,18,4,1,0,0,31,1,3,2
2023,Quentin Johnston (LAC),71,17,38,431,11.3,279,7.3,861,22.7,152,4,31,0.8,2,67,0.109,41,3,8,17,5,1,1,1,57,2,2.5,0.5
2023,Robert Woods (HOU),72,14,40,426,10.7,300,7.5,732,18.3,126,3.2,26,0.7,1,75,0.133,44,4,10,20,2,0,0,0,26,1,2.2,1.2
2023,Chris Moore (ARI),73,17,22,424,19.3,367,16.7,641,29.1,57,2.6,19,0.9,1,35,0.073,25,2,1,15,9,5,3,0,49,0,,
2023,Christian Watson (GB),74,9,28,422,15.1,317,11.3,825,29.5,105,3.8,19,0.7,0,53,0.094,31,3,13,14,5,3,2,2,77,5,,
2023,Michael Gallup (FA),75,17,34,418,12.3,314,9.2,624,18.4,104,3.1,39,1.1,3,57,0.094,39,5,4,15,6,2,1,0,41,2,,
2023,Jonathan Mingo (CAR),76,15,43,418,9.7,263,6.1,921,21.4,155,3.6,53,1.2,1,85,0.159,47,4,3,16,6,2,1,0,40,0,,
2023,Darnell Mooney (ATL),77,15,31,414,13.4,233,7.5,630,20.3,181,5.8,22,0.7,1,61,0.128,33,3,7,17,7,3,1,0,41,1,,
2023,Kendrick Bourne (NE),78,8,37,406,11,203,5.5,574,15.5,203,5.5,67,1.8,2,55,0.102,38,1,6,14,5,2,0,0,36,4,,
2023,DeVante Parker (PHI),79,13,33,394,11.9,268,8.1,640,19.4,126,3.8,28,0.8,2,55,0.102,36,3,0,18,6,1,0,0,30,0,,
2023,Trey Palmer (TB),80,17,39,385,9.9,282,7.2,741,19,103,2.6,23,0.6,0,68,0.124,43,4,3,14,6,1,1,1,54,3,,
2023,Nelson Agholor (BAL),81,17,35,381,10.9,240,6.9,418,11.9,141,4,37,1.1,2,45,0.095,37,2,7,18,4,2,0,0,37,4,,
2023,Marvin Mims Jr. (DEN),82,16,22,377,17.1,223,10.1,497,22.6,154,7,22,1,1,33,0.069,23,1,1,8,6,6,4,2,60,1,,
2023,Jalin Hyatt (NYG),83,17,23,373,16.2,325,14.1,841,36.6,48,2.1,7,0.3,1,40,0.082,26,3,0,11,7,5,3,1,58,0,,
2023,Demarcus Robinson (LAR),84,13,26,371,14.3,282,10.8,478,18.4,89,3.4,18,0.7,0,39,0.07,26,0,9,15,7,3,0,0,37,4,,
2023,Nick Westbrook-Ikhine (TEN),85,14,28,370,13.2,263,9.4,552,19.7,107,3.8,20,0.7,1,45,0.094,32,4,6,13,8,2,0,0,33,3,,
2023,Rashod Bateman (BAL),86,16,32,367,11.5,310,9.7,813,25.4,57,1.8,18,0.6,1,56,0.118,36,4,3,17,2,0,0,0,29,1,,
2023,Jameson Williams (DET),87,12,24,354,14.8,250,10.4,670,27.9,104,4.3,53,2.2,5,42,0.073,28,4,2,14,5,4,2,1,63,2,,
2023,Rondale Moore (ATL),88,17,40,352,8.8,136,3.4,322,8.1,216,5.4,30,0.8,2,62,0.115,43,3,5,13,4,2,1,0,48,1,,
2023,Tre Tucker (LV),89,16,19,331,17.4,303,15.9,630,33.2,28,1.5,5,0.3,0,34,0.064,19,1,3,12,6,4,3,1,50,2,,
2023,Brandon Powell (MIN),90,17,29,324,11.2,220,7.6,332,11.4,104,3.6,34,1.2,1,44,0.073,30,1,6,13,6,0,0,0,28,1,,
2023,Zay Jones (JAC),91,9,34,321,9.4,270,7.9,871,25.6,51,1.5,7,0.2,0,64,0.105,36,1,10,12,3,1,0,0,36,2,,
2023,Trenton Irwin (CIN),92,16,25,316,12.6,206,8.2,337,13.5,110,4.4,21,0.8,0,32,0.054,25,1,6,13,7,1,0,0,32,1,,
2023,Marquez Valdes-Scantling (FA),93,16,21,315,15,223,10.6,742,35.3,92,4.4,5,0.2,1,42,0.07,24,3,3,13,5,3,1,0,46,1,,
2023,Allen Lazard (NYJ),94,14,23,311,13.5,255,11.1,597,26,56,2.4,19,0.8,1,49,0.087,27,4,2,16,5,1,0,0,39,1,,
2023,Cedrick Wilson Jr. (NO),95,15,22,296,13.5,239,10.9,429,19.5,57,2.6,21,1,0,38,0.069,23,1,5,13,5,1,0,0,31,3,,
2023,Brandon Johnson (DEN),96,13,19,284,14.9,195,10.3,328,17.3,89,4.7,18,0.9,2,30,0.063,20,1,6,11,6,2,1,1,50,4,,
2023,Greg Dortch (ARI),97,16,24,280,11.7,128,5.3,390,16.3,152,6.3,64,2.7,1,41,0.076,24,0,3,11,3,3,0,0,38,2,,
2023,Allen Robinson II (FA),98,17,34,280,8.2,212,6.2,370,10.9,68,2,18,0.5,0,49,0.101,35,0,4,11,2,1,0,0,31,0,,
2023,Jalen Tolbert (DAL),99,17,22,268,12.2,234,10.6,474,21.5,34,1.5,11,0.5,1,36,0.06,23,1,4,9,3,3,1,0,45,2,,
2023,Jauan Jennings (SF),100,13,19,265,13.9,176,9.3,340,17.9,89,4.7,36,1.9,2,33,0.07,21,0,2,10,4,1,0,0,31,1,,
2023,JuJu Smith-Schuster (NE),101,11,29,260,9,166,5.7,331,11.4,94,3.2,14,0.5,0,47,0.087,32,2,2,10,3,1,0,0,37,1,,
2023,Hunter Renfrow (FA),102,17,25,255,10.2,103,4.1,207,8.3,152,6.1,37,1.5,2,37,0.07,26,1,3,9,3,2,0,0,38,0,,
2023,Mack Hollins (BUF),103,13,18,251,13.9,196,10.9,370,20.6,55,3.1,10,0.6,0,30,0.059,20,2,2,10,3,1,1,0,45,0,,
2023,Mike Williams (NYJ),104,3,19,249,13.1,141,7.4,307,16.2,108,5.7,31,1.6,1,26,0.042,21,0,2,10,4,2,1,0,49,1,,
2023,A.T. Perry (NO),105,10,12,246,20.5,226,18.8,293,24.4,20,1.7,6,0.5,0,18,0.031,13,1,4,9,5,3,1,0,44,4,,
2023,Skyy Moore (KC),106,14,21,244,11.6,135,6.4,339,16.1,109,5.2,25,1.2,0,38,0.063,22,1,7,10,3,1,1,1,54,1,,
2023,Braxton Berrios (MIA),107,16,27,238,8.8,153,5.7,234,8.7,85,3.1,10,0.4,1,33,0.06,28,1,1,13,1,0,0,0,22,1,,
2023,Alex Erickson (LAC),108,8,16,232,14.5,174,10.9,305,19.1,58,3.6,6,0.4,0,29,0.047,17,1,2,11,4,0,0,0,27,1,,
2023,KhaDarel Hodge (ATL),109,17,14,232,16.6,150,10.7,331,23.6,82,5.9,50,3.6,1,23,0.045,14,0,0,10,3,2,1,1,52,0,,
2023,Isaiah Hodgins (NYG),110,17,21,230,11,155,7.4,263,12.5,75,3.6,19,0.9,1,33,0.068,21,0,5,12,1,0,0,0,24,3,,
2023,Xavier Gipson (NYJ),111,17,21,229,10.9,120,5.7,358,17,109,5.2,21,1,3,38,0.067,22,1,5,8,4,1,0,0,36,0,,
2023,Jamal Agnew (JAC),112,11,14,225,16.1,149,10.6,253,18.1,76,5.4,8,0.6,0,21,0.035,14,0,2,8,2,2,2,1,65,1,,
2023,Cedric Tillman (CLE),113,14,21,224,10.7,136,6.5,468,22.3,88,4.2,32,1.5,2,44,0.074,22,1,7,10,1,0,0,0,23,0,,
2023,Treylon Burks (TEN),114,11,16,221,13.8,150,9.4,547,34.2,71,4.4,16,1,1,30,0.063,19,3,1,7,4,2,1,1,70,0,,
2023,Bo Melton (GB),115,4,16,218,13.6,181,11.3,267,16.7,37,2.3,16,1,0,24,0.043,17,1,3,10,3,1,0,0,37,1,,
2023,Van Jefferson (PIT),116,17,20,209,10.3,184,9.2,686,34.3,22,1.1,18,0.9,1,43,0.077,24,3,1,8,1,1,1,0,46,0,,
2023,Jake Bobo (SEA),117,17,19,196,10.3,109,5.7,140,7.4,87,4.6,32,1.7,1,25,0.046,19,0,4,6,3,1,0,0,31,2,,
2023,Kyle Philips (TEN),118,9,15,181,12.1,102,6.8,197,13.1,79,5.3,15,1,1,22,0.046,16,1,1,9,4,0,0,0,29,0,,
2023,Calvin Austin III (PIT),119,17,17,180,10.6,107,6.3,378,22.2,73,4.3,5,0.3,0,30,0.062,18,1,0,6,1,1,1,1,72,1,,
2023,Kadarius Toney (KC),120,13,27,169,6.3,41,1.5,112,4.1,128,4.7,33,1.2,5,38,0.063,32,5,5,6,0,0,0,0,18,1,,
2023,Dyami Brown (WAS),121,17,12,168,14,92,7.7,387,32.3,76,6.3,11,0.9,1,23,0.038,14,2,2,6,2,2,0,0,35,1,,
2023,Tyler Scott (CHI),122,17,17,168,9.9,98,5.8,370,21.8,70,4.1,15,0.9,1,32,0.067,19,2,5,8,1,1,0,0,30,0,,
2023,David Bell (CLE),123,15,14,167,11.9,96,6.9,144,10.3,71,5.1,13,0.9,1,23,0.039,15,1,2,5,3,2,1,0,41,3,,
2023,Olamide Zaccheaus (WAS),124,17,10,164,16.4,112,11.2,207,20.7,52,5.2,12,1.2,0,20,0.038,10,0,3,6,4,1,0,0,34,2,,
2023,Lil'Jordan Humphrey (DEN),125,17,13,162,12.5,63,4.8,186,14.3,99,7.6,47,3.6,0,19,0.04,14,1,4,7,1,1,1,1,54,3,,
2023,Scott Miller (ATL),126,17,11,161,14.6,81,7.4,195,17.7,80,7.3,8,0.7,0,16,0.031,11,0,3,4,2,2,2,1,56,2,,
2023,Byron Pringle (WAS),127,16,14,161,11.5,130,9.3,307,21.9,31,2.2,5,0.4,0,22,0.037,14,0,0,10,1,0,0,0,26,0,,
2023,Jamison Crowder (WAS),128,17,16,159,9.9,79,4.9,122,7.6,80,5,21,1.3,2,20,0.033,17,1,1,6,1,0,0,0,26,1,,
2023,John Metchie III (HOU),129,16,16,158,9.9,74,4.6,266,16.6,84,5.3,19,1.2,1,30,0.053,19,3,3,7,1,0,0,0,22,0,,
2023,Donovan Peoples-Jones (DET),130,15,13,155,11.9,120,9.2,260,20,35,2.7,8,0.6,0,25,0.042,13,0,1,7,2,0,0,0,29,0,,
2023,Deonte Harty (BAL),131,16,15,150,10,71,4.7,227,15.1,79,5.3,19,1.3,0,21,0.039,16,1,2,5,2,1,1,0,43,1,,
2023,Quez Watkins (PIT),132,9,15,142,9.5,96,6.4,249,16.6,46,3.1,5,0.3,0,21,0.04,15,0,3,6,0,0,0,0,19,1,,
2023,Terrace Marshall Jr. (CAR),133,9,19,139,7.3,91,4.8,238,12.5,48,2.5,7,0.4,0,33,0.062,21,2,2,6,0,0,0,0,14,0,,
2023,Jalen Reagor (NE),134,11,7,138,19.7,120,17.1,370,52.9,18,2.6,6,0.9,0,23,0.043,9,2,1,6,3,2,0,0,39,0,,
2023,Ray-Ray McCloud III (ATL),135,12,12,135,11.3,48,4,94,7.8,87,7.3,2,0.2,0,15,0.032,13,0,1,5,2,1,1,0,41,0,,
2023,Parker Washington (JAC),136,9,16,132,8.3,98,6.1,155,9.7,34,2.1,14,0.9,1,21,0.035,17,1,3,5,0,0,0,0,19,2,,
2023,KaVontae Turpin (DAL),137,16,12,127,10.6,88,7.3,163,13.6,39,3.3,4,0.3,1,18,0.03,15,3,6,5,2,1,0,0,34,3,,
2023,Robbie Chosen (MIA),138,9,4,126,31.5,95,23.8,141,35.3,31,7.8,0,0,0,6,0.011,4,0,0,3,2,2,1,1,68,1,,
2023,Malik Heath (GB),139,13,15,125,8.3,90,6,210,14,35,2.3,14,0.9,1,24,0.043,17,2,4,6,0,0,0,0,16,1,,
2023,Mecole Hardman Jr. (KC),140,10,15,124,8.3,16,1.1,137,9.1,108,7.2,46,3.1,3,24,0.043,19,3,2,5,1,1,0,0,37,0,,
2023,River Cracraft (MIA),141,10,9,121,13.4,72,8,92,10.2,49,5.4,5,0.6,0,12,0.022,10,1,4,7,2,0,0,0,24,1,,
2023,Andrei Iosivas (CIN),142,16,15,116,7.7,81,5.4,215,14.3,35,2.3,6,0.4,0,25,0.042,17,2,5,4,0,0,0,0,16,4,,
2023,Richie James Jr. (KC),143,9,10,114,11.4,53,5.3,129,12.9,61,6.1,20,2,1,14,0.023,12,2,1,4,1,1,1,0,45,0,,
2023,Parris Campbell (PHI),144,12,20,104,5.2,39,2,91,4.6,65,3.3,8,0.4,1,27,0.056,21,1,4,2,0,0,0,0,17,0,,
2023,David Moore (CAR),145,7,5,94,18.8,32,6.4,49,9.8,62,12.4,51,10.2,0,7,0.013,5,0,0,3,1,1,1,1,52,1,,
2023,Tyquan Thornton (NE),146,9,13,91,7,41,3.2,230,17.7,50,3.8,14,1.1,0,23,0.043,14,1,0,4,0,0,0,0,15,0,,
2023,Xavier Hutchinson (HOU),147,15,8,90,11.3,70,8.8,216,27,20,2.5,0,0,0,19,0.034,8,0,1,2,1,1,0,0,34,0,,
2023,Jalen Guyton (LAC),148,8,10,89,8.9,57,5.7,218,21.8,32,3.2,11,1.1,1,21,0.034,12,2,3,4,0,0,0,0,18,1,,
2023,Trent Sherfield (MIN),149,17,11,86,7.8,37,3.4,190,17.3,49,4.5,5,0.5,2,22,0.04,12,1,2,1,0,0,0,0,12,1,,
2023,Deven Thompkins (TB),150,17,17,83,4.9,-1,-0.1,154,9.1,84,4.9,16,0.9,1,25,0.045,17,0,4,1,1,0,0,0,26,1,,
2023,Lynn Bowden Jr. (NO),151,15,11,83,7.5,26,2.4,80,7.3,57,5.2,25,2.3,0,16,0.028,12,1,0,4,0,0,0,0,17,0,,
2023,Tim Jones (JAC),152,17,11,83,7.5,52,4.7,152,13.8,31,2.8,16,1.5,0,18,0.03,11,0,0,4,0,0,0,0,15,0,,
2023,Isaiah McKenzie (NYG),153,13,11,82,7.5,10,0.9,35,3.2,72,6.5,19,1.7,0,14,0.026,12,1,0,4,1,1,0,0,30,0,,
2023,Samori Toure (GB),154,11,8,78,9.8,60,7.5,316,39.5,18,2.3,1,0.1,0,18,0.032,9,1,2,3,1,1,0,0,35,0,,
2023,Chase Claypool (MIA),155,11,8,77,9.6,52,6.5,230,28.8,25,3.1,9,1.1,1,21,0.044,9,1,1,3,1,0,0,0,20,1,,
2023,Julio Jones (PHI),156,11,11,74,6.7,46,4.2,141,12.8,28,2.5,7,0.6,0,19,0.036,12,1,4,2,1,0,0,0,22,3,,
2023,Chris Conley (SF),157,8,3,69,23,41,13.7,74,24.7,28,9.3,0,0,0,6,0.013,3,0,1,2,1,1,1,0,48,0,,
2023,Ronnie Bell (SF),158,16,6,68,11.3,58,9.7,160,26.7,10,1.7,0,0,0,13,0.028,6,0,3,3,1,0,0,0,20,3,,
2023,Marquise Goodwin (CLE),159,12,4,67,16.8,46,11.5,391,97.8,21,5.3,5,1.3,0,13,0.022,6,2,0,1,1,1,1,1,57,0,,
2023,Derius Davis (LAC),160,17,15,66,4.4,-49,-3.3,-38,-2.5,115,7.7,8,0.5,0,17,0.028,15,0,1,3,0,0,0,0,18,0,,
2023,Ben Skowronek (LAR),161,17,8,66,8.3,36,4.5,88,11,30,3.8,8,1,0,12,0.022,8,0,1,3,1,0,0,0,20,1,,
2023,Charlie Jones (CIN),162,11,7,64,9.1,26,3.7,79,11.3,38,5.4,7,1,0,9,0.015,7,0,0,1,1,1,0,0,35,0,,
2023,Jalen Brooks (DAL),163,7,6,64,10.7,36,6,36,6,28,4.7,6,1,0,6,0.01,6,0,0,3,1,0,0,0,24,0,,
2023,Equanimeous St. Brown (CHI),164,7,5,62,12.4,55,11,53,10.6,7,1.4,2,0.4,0,6,0.013,5,0,0,3,1,0,0,0,21,0,,
2023,Laviska Shenault Jr. (SEA),165,8,10,60,6,-25,-2.5,-25,-2.5,85,8.5,12,1.2,1,10,0.019,10,0,0,2,0,0,0,0,14,0,,
2023,Rakim Jarrett (TB),166,10,4,60,15,33,8.3,142,35.5,27,6.8,0,0,0,9,0.016,4,0,0,1,1,1,1,0,41,0,,
2023,Sterling Shepard (NYG),167,15,10,57,5.7,24,2.4,160,16,33,3.3,3,0.3,0,22,0.045,13,3,7,2,0,0,0,0,13,1,,
2023,D.J. Montgomery (IND),168,7,3,56,18.7,28,9.3,97,32.3,28,9.3,5,1.7,0,8,0.015,4,1,2,2,1,1,0,0,34,1,,
2023,Jason Brownlee (NYJ),169,7,5,56,11.2,36,7.2,62,12.4,20,4,11,2.2,1,8,0.014,5,0,2,2,1,0,0,0,24,1,,
2023,Justyn Ross (KC),170,10,6,53,8.8,38,6.3,108,18,15,2.5,8,1.3,0,11,0.018,8,2,1,2,1,0,0,0,20,0,,
2023,Ihmir Smith-Marsette (CAR),171,17,8,51,6.4,3,0.4,9,1.1,48,6,14,1.8,1,10,0.019,9,1,0,2,0,0,0,0,18,0,,
2023,Britain Covey (PHI),172,16,4,42,10.5,16,4,52,13,26,6.5,8,2,1,6,0.011,4,0,1,1,1,0,0,0,22,0,,
2023,Randall Cobb (NYJ),173,11,5,39,7.8,16,3.2,165,33,23,4.6,10,2,0,17,0.03,7,2,4,2,0,0,0,0,15,1,,
2023,DeAndre Carter (LV),174,17,4,39,9.8,-11,-2.8,4,1,50,12.5,2,0.5,0,7,0.013,5,1,1,2,0,0,0,0,16,0,,
2023,Elijah Cooks (JAC),175,9,3,38,12.7,30,10,33,11,8,2.7,1,0.3,0,4,0.007,4,1,1,2,1,0,0,0,23,0,,
2023,Keith Kirkwood (NO),176,13,5,37,7.4,36,7.2,91,18.2,1,0.2,0,0,0,9,0.016,5,1,3,1,0,0,0,0,13,1,,
2023,Lawrence Cager (NYG),177,9,4,36,9,9,2.3,21,5.3,27,6.8,4,1,0,5,0.01,4,0,2,1,0,0,0,0,10,1,,
2023,Marvin Jones Jr. (FA),178,6,5,35,7,26,5.2,80,16,9,1.8,3,0.6,0,10,0.017,7,2,2,1,0,0,0,0,16,0,,
2023,Keelan Doss (LAC),179,5,6,33,5.5,19,3.2,97,16.2,14,2.3,1,0.2,0,13,0.021,6,0,2,0,0,0,0,0,9,0,,
2023,Jalen Nailor (MIN),180,6,3,29,9.7,8,2.7,54,18,21,7,3,1,0,6,0.01,4,1,0,1,0,0,0,0,16,0,,
2023,Austin Trammell (LAR),181,15,4,29,7.3,-6,-1.5,25,6.3,35,8.8,1,0.3,0,7,0.013,4,0,0,2,0,0,0,0,14,0,,
2023,Steven Sims Jr. (HOU),182,3,3,25,8.3,-2,-0.7,-2,-0.7,27,9,1,0.3,0,3,0.005,3,0,0,1,1,0,0,0,23,0,,
2023,Velus Jones Jr. (CHI),183,14,4,20,5,5,1.3,87,21.8,15,3.8,6,1.5,0,7,0.015,5,1,0,1,0,0,0,0,11,0,,
2023,Kayshon Boutte (NE),184,5,2,19,9.5,9,4.5,125,62.5,10,5,3,1.5,0,7,0.013,3,2,1,1,0,0,0,0,11,0,,
2023,Zach Pascal (ARI),185,14,4,19,4.8,7,1.8,160,40,12,3,6,1.5,1,15,0.028,5,1,3,0,0,0,0,0,9,0,,
2023,Devin Duvernay (JAC),186,13,4,18,4.5,1,0.3,81,20.3,17,4.3,3,0.8,0,9,0.019,5,1,1,1,0,0,0,0,10,0,,
2023,Miles Boykin (NYG),187,16,3,17,5.7,15,5,19,6.3,2,0.7,0,0,0,4,0.008,4,1,0,0,0,0,0,0,6,0,,
2023,Malik Taylor (NYJ),188,3,2,13,6.5,6,3,89,44.5,7,3.5,0,0,0,4,0.007,2,0,0,0,0,0,0,0,7,0,,
2023,Trishton Jackson (MIN),189,6,2,9,4.5,2,1,16,8,7,3.5,2,1,0,4,0.007,3,1,2,0,0,0,0,0,7,0,,
2023,James Proche II (CLE),190,10,0,0,0,0,0,86,0,0,0,0,0,0,5,0.008,0,0,0,0,0,0,0,0,0,0,,
2022,Justin Jefferson (MIN),191,17,128,1809,14.1,1185,9.3,0,0,624,4.9,132,1,6,184,0.287,134,5,28,74,28,14,6,1,64,8,,
2022,Davante Adams (LV),192,17,100,1516,15.2,1023,10.2,0,0,493,4.9,96,1,9,180,0.323,109,8,22,61,24,14,7,2,60,14,,
2022,Tyreek Hill (MIA),193,17,119,1710,14.4,1226,10.3,0,0,484,4.1,58,0.5,5,170,0.302,127,8,9,69,25,9,7,4,64,7,,
2022,A.J. Brown (PHI),194,17,88,1496,17,953,10.8,0,0,543,6.2,192,2.2,7,145,0.287,95,6,16,58,23,13,6,3,78,11,,
2022,Stefon Diggs (HOU),195,17,110,1455,13.2,1023,9.3,0,0,432,3.9,100,0.9,2,156,0.281,117,7,23,57,17,10,6,2,53,11,,
2022,CeeDee Lamb (DAL),196,17,107,1359,12.6,869,8,0,0,496,4.6,148,1.4,10,156,0.286,114,6,12,60,24,6,0,0,39,9,,
2022,Jaylen Waddle (MIA),197,17,75,1356,18.1,842,11.2,0,0,514,6.9,149,2,4,117,0.208,82,7,8,54,21,11,6,3,84,8,,
2022,Amari Cooper (CLE),198,17,78,1160,14.9,835,10.7,0,0,325,4.2,93,1.2,4,132,0.26,87,11,16,50,18,7,4,2,55,9,,
2022,Amon-Ra St. Brown (DET),199,16,106,1161,10.9,632,6,0,0,521,4.9,90,0.8,7,146,0.259,109,4,21,58,11,3,1,0,49,6,,
2022,DeVonta Smith (PHI),200,17,95,1196,12.6,706,7.4,0,0,490,5.2,98,1,5,136,0.269,103,8,12,53,18,8,4,0,45,7,,
2022,Christian Kirk (JAC),201,17,84,1108,13.2,737,8.8,0,0,371,4.4,65,0.8,5,133,0.232,91,7,22,45,18,7,2,0,49,8,,
2022,Ja'Marr Chase (CIN),202,13,87,1046,12,609,7,0,0,437,5,141,1.6,10,134,0.224,99,10,24,45,13,5,3,1,60,9,,
2022,Tyler Lockett (SEA),203,16,84,1033,12.3,759,9,0,0,274,3.3,23,0.3,1,117,0.212,87,2,8,42,14,8,1,0,40,9,,
2022,Terry McLaurin (WAS),204,17,77,1191,15.5,797,10.4,0,0,394,5.1,143,1.9,7,120,0.226,80,3,11,48,16,10,6,2,52,5,,
2022,Brandon Aiyuk (SF),205,17,78,1015,13,628,8.1,0,0,387,5,106,1.4,4,114,0.226,87,8,15,47,17,4,1,1,54,8,,
2022,Mike Evans (TB),206,15,77,1124,14.6,908,11.8,0,0,216,2.8,61,0.8,2,127,0.175,82,4,14,43,19,7,5,3,63,6,,
2022,Tee Higgins (CIN),207,15,75,1042,13.9,750,10,0,0,292,3.9,101,1.3,2,110,0.184,82,8,10,43,14,6,3,1,59,7,,
2022,Jerry Jeudy (CLE),208,15,67,972,14.5,577,8.6,0,0,395,5.9,104,1.6,3,100,0.185,72,5,10,37,14,9,5,3,67,6,,
2022,DK Metcalf (SEA),209,17,90,1048,11.6,830,9.2,0,0,218,2.4,64,0.7,1,141,0.255,101,7,27,43,11,4,3,2,54,6,,
2022,DJ Moore (CHI),210,17,63,888,14.1,706,11.2,0,0,182,2.9,46,0.7,4,118,0.276,69,6,10,36,17,4,4,2,62,7,,
2022,Garrett Wilson (NYJ),211,17,83,1103,13,733,8.6,0,0,370,4.4,191,2.2,10,147,0.25,91,5,19,48,13,8,3,3,60,4,,
2022,Cooper Kupp (LAR),212,9,75,812,10.8,388,5.2,0,0,424,5.7,106,1.4,3,98,0.19,79,2,11,29,11,3,2,2,75,6,,
2022,Chris Olave (NO),213,15,72,1042,14.5,832,11.6,0,0,210,2.9,54,0.8,2,119,0.241,78,7,10,49,13,6,4,2,53,4,,
2022,Gabe Davis (JAC),214,15,48,836,17.4,690,14.4,0,0,146,3,21,0.4,0,93,0.167,57,9,13,33,11,4,3,2,98,7,,
2022,Christian Watson (GB),215,14,41,611,14.9,335,8.2,0,0,276,6.7,46,1.1,3,65,0.121,45,4,13,24,8,4,3,2,63,7,,
2022,Chris Godwin (TB),216,15,104,1023,9.8,496,4.8,0,0,527,5.1,128,1.2,4,142,0.196,109,3,15,40,10,2,1,0,44,3,,
2022,Michael Pittman Jr. (IND),217,16,99,925,9.3,573,5.8,0,0,352,3.6,112,1.1,4,141,0.244,106,6,14,40,8,0,0,0,28,4,,
2022,Tyler Boyd (CIN),218,17,59,776,13.2,527,8.9,0,0,249,4.2,81,1.4,2,83,0.139,62,3,12,33,10,3,3,2,60,5,,
2022,Zay Jones (JAC),219,16,82,823,10,541,6.6,0,0,282,3.4,58,0.7,2,121,0.211,94,12,18,32,7,1,1,1,59,5,,
2022,Allen Lazard (NYJ),220,15,60,788,13.1,540,9,0,0,248,4.1,61,1,1,100,0.186,68,6,17,30,13,5,2,0,47,6,,
2022,George Pickens (PIT),221,17,52,801,15.4,697,13.4,0,0,104,2,44,0.8,5,84,0.153,59,4,6,33,17,7,1,0,42,4,,
2022,Mike Williams (NYJ),222,13,63,895,14.2,561,8.9,0,0,334,5.3,54,0.9,0,93,0.135,64,1,13,38,11,5,2,2,55,4,,
2022,Jakobi Meyers (LV),223,14,67,804,12,568,8.5,0,0,236,3.5,33,0.5,1,96,0.185,71,4,7,34,14,3,1,0,48,6,,
2022,Deebo Samuel Sr. (SF),224,13,56,632,11.3,139,2.5,0,0,493,8.8,184,3.3,12,94,0.187,65,9,13,24,7,2,1,1,57,2,,
2022,Curtis Samuel (BUF),225,17,64,656,10.3,365,5.7,0,0,291,4.5,69,1.1,8,92,0.173,68,5,9,29,10,2,1,0,49,4,,
2022,Adam Thielen (CAR),226,17,70,716,10.2,564,8.1,0,0,152,2.2,27,0.4,1,107,0.167,74,2,21,34,7,1,0,0,36,6,,
2022,JuJu Smith-Schuster (NE),227,16,78,933,12,430,5.5,0,0,503,6.4,130,1.7,3,101,0.164,84,6,16,38,9,4,4,1,53,3,,
2022,Drake London (ATL),228,17,72,866,12,616,8.6,0,0,250,3.5,43,0.6,1,117,0.293,83,4,16,41,10,4,1,0,40,4,,
2022,Donovan Peoples-Jones (DET),229,17,61,839,13.8,648,10.6,0,0,191,3.1,31,0.5,1,96,0.189,64,2,13,35,14,6,1,0,42,3,,
2022,Keenan Allen (CHI),230,10,66,752,11.4,489,7.4,0,0,263,4,45,0.7,1,89,0.13,67,2,15,33,7,5,2,0,46,4,,
2022,Joshua Palmer (LAC),231,16,72,769,10.7,514,7.1,0,0,255,3.5,49,0.7,1,107,0.156,78,6,8,33,7,2,2,1,50,3,,
2022,Mack Hollins (BUF),232,17,57,690,12.1,485,8.5,0,0,205,3.6,35,0.6,2,94,0.168,61,5,11,25,9,3,2,1,60,4,,
2022,K.J. Osborn (NE),233,17,60,650,10.8,349,5.8,0,0,301,5,69,1.2,3,90,0.14,62,2,9,21,6,3,2,2,66,5,,
2022,Jahan Dotson (WAS),234,12,35,523,14.9,386,11,0,0,137,3.9,42,1.2,1,61,0.115,41,6,7,19,10,4,2,1,61,7,,
2022,Courtland Sutton (DEN),235,15,64,829,13,678,10.6,0,0,151,2.4,37,0.6,1,109,0.201,73,9,12,33,11,5,1,1,51,2,,
2022,Diontae Johnson (CAR),236,17,86,882,10.3,647,7.5,0,0,235,2.7,73,0.8,8,147,0.268,95,8,16,38,7,3,0,0,37,0,,
2022,Marquise Brown (KC),237,12,67,709,10.6,473,7.1,0,0,236,3.5,38,0.6,1,107,0.169,72,4,10,32,9,1,1,0,47,3,,
2022,Brandin Cooks (DAL),238,13,57,699,12.3,494,8.7,0,0,205,3.6,9,0.2,1,93,0.167,62,5,10,24,13,6,3,0,44,3,,
2022,DeAndre Hopkins (TEN),239,9,64,717,11.2,552,8.6,0,0,165,2.6,55,0.9,1,96,0.151,69,5,6,31,8,2,0,0,33,3,,
2022,Parris Campbell (PHI),240,17,63,623,9.9,346,5.5,0,0,277,4.4,56,0.9,5,91,0.157,67,5,9,25,7,5,1,0,49,3,,
2022,Darius Slayton (NYG),241,13,46,724,15.7,462,10,0,0,262,5.7,93,2,2,71,0.145,53,7,3,28,12,7,3,2,55,2,,
2022,Marquez Valdes-Scantling (FA),242,17,42,687,16.4,538,12.8,0,0,149,3.5,30,0.7,0,81,0.132,48,5,11,26,13,5,3,1,57,2,,
2022,Devin Duvernay (JAC),243,14,37,407,11,251,6.8,0,0,156,4.2,19,0.5,0,49,0.105,38,1,8,19,6,1,0,0,31,3,,
2022,Isaiah McKenzie (NYG),244,16,42,423,10.1,295,7,0,0,128,3,17,0.4,0,66,0.119,48,6,9,13,4,1,0,0,30,4,,
2022,Richie James Jr. (KC),245,16,57,569,10,393,6.9,0,0,176,3.1,15,0.3,1,70,0.143,60,3,7,27,3,1,0,0,33,4,,
2022,Russell Gage (FA),246,13,51,426,8.4,255,5,0,0,171,3.4,63,1.2,2,70,0.097,54,3,18,18,3,0,0,0,23,5,,
2022,Rashid Shaheed (NO),247,12,28,488,17.6,318,11.4,0,0,176,6.3,32,1.1,0,34,0.069,29,1,1,16,6,6,4,3,68,2,,
2022,DeVante Parker (PHI),248,13,31,539,17.4,434,14,0,0,105,3.4,40,1.3,3,47,0.091,33,1,4,23,10,5,3,0,43,3,,
2022,Noah Brown (HOU),249,16,43,555,12.9,427,9.9,0,0,128,3,43,1,4,74,0.136,50,6,11,22,6,3,2,1,51,3,,
2022,Alec Pierce (IND),250,16,41,593,14.5,484,11.8,0,0,109,2.7,18,0.4,0,78,0.135,44,4,6,26,8,5,3,0,47,2,,
2022,Marvin Jones Jr. (FA),251,16,46,529,11.5,434,9.4,0,0,95,2.1,21,0.5,0,81,0.141,51,5,11,24,6,2,0,0,37,3,,
2022,Olamide Zaccheaus (WAS),252,17,40,533,13.3,348,8.7,0,0,185,4.6,42,1.1,3,61,0.153,43,0,6,24,9,3,2,0,45,3,,
2022,Kalif Raymond (DET),253,17,47,616,13.1,398,8.5,0,0,218,4.6,31,0.7,2,64,0.114,47,0,9,25,10,3,3,1,56,0,,
2022,Mecole Hardman Jr. (KC),254,8,25,297,11.9,137,5.5,0,0,160,6.4,25,1,1,34,0.055,27,1,10,10,5,3,0,0,36,4,,
2022,DJ Chark Jr. (FA),255,11,30,502,16.7,368,12.3,0,0,134,4.5,15,0.5,0,52,0.092,35,5,4,19,9,4,3,1,51,3,,
2022,Chris Moore (ARI),256,15,48,548,11.4,285,5.9,0,0,263,5.5,49,1,2,74,0.133,51,2,11,21,9,5,1,1,52,2,,
2022,Michael Gallup (FA),257,14,39,424,10.9,317,8.1,0,0,107,2.7,29,0.7,0,74,0.136,46,7,12,20,4,0,0,0,27,4,,
2022,DeAndre Carter (LV),258,17,46,538,11.7,332,7.2,0,0,206,4.5,41,0.9,0,65,0.095,48,2,9,21,10,5,0,0,35,3,,
2022,Josh Reynolds (DEN),259,12,38,479,12.6,364,9.6,0,0,115,3,21,0.6,0,59,0.105,42,4,13,18,8,1,0,0,31,3,,
2022,Corey Davis (FA),260,13,32,536,16.8,427,13.3,0,0,109,3.4,23,0.7,1,64,0.109,36,2,8,23,7,3,2,1,66,2,,
2022,Isaiah Hodgins (NYG),261,9,37,392,10.6,300,8.1,0,0,92,2.5,12,0.3,2,48,0.086,37,0,6,17,4,0,0,0,29,4,,
2022,Marquise Goodwin (CLE),262,13,27,387,14.3,273,10.1,0,0,114,4.2,48,1.8,2,42,0.076,30,2,4,16,9,1,0,0,38,4,,
2022,Robert Woods (HOU),263,17,53,527,9.9,371,7,0,0,156,2.9,24,0.5,0,91,0.209,57,4,13,21,3,2,1,0,41,2,,
2022,Darnell Mooney (ATL),264,11,40,493,12.3,319,8,0,0,174,4.4,13,0.3,1,61,0.17,41,3,6,19,7,3,1,1,56,2,,
2022,Greg Dortch (ARI),265,16,52,467,9,169,3.3,0,0,298,5.7,120,2.3,3,64,0.101,53,0,5,19,5,2,1,0,47,2,,
2022,Nico Collins (HOU),266,10,37,481,13,321,8.7,0,0,160,4.3,27,0.7,3,66,0.118,38,1,8,19,8,1,1,1,58,2,,
2022,Romeo Doubs (GB),267,13,42,425,10.1,229,5.5,0,0,196,4.7,36,0.9,0,67,0.124,53,9,8,18,7,0,0,0,26,3,,
2022,Chase Claypool (MIA),268,15,46,451,9.8,301,6.5,0,0,150,3.3,52,1.1,2,79,0.144,50,4,6,20,7,1,0,0,31,1,,
2022,Nick Westbrook-Ikhine (TEN),269,16,25,397,15.9,285,11.4,0,0,112,4.5,37,1.5,1,50,0.115,27,2,7,16,5,2,2,2,63,3,,
2022,Demarcus Robinson (LAR),270,16,48,458,9.5,312,6.5,0,0,146,3,59,1.2,1,75,0.161,51,3,10,21,4,1,0,0,31,2,,
2022,Treylon Burks (TEN),271,11,33,444,13.5,284,8.6,0,0,160,4.8,52,1.6,2,54,0.124,36,3,4,14,8,4,3,2,51,1,,
2022,Terrace Marshall Jr. (CAR),272,13,28,490,17.5,350,12.5,0,0,140,5,64,2.3,1,47,0.11,32,3,6,21,10,5,2,0,43,1,,
2022,Van Jefferson (PIT),273,10,24,369,15.4,331,13.8,0,0,38,1.6,11,0.5,0,44,0.085,25,1,5,17,7,2,0,0,39,3,,
2022,Trent Sherfield (MIN),274,16,30,417,13.9,273,9.1,0,0,144,4.8,26,0.9,1,51,0.091,33,4,8,17,5,2,1,1,75,2,,
2022,Kendrick Bourne (NE),275,16,35,434,12.4,289,8.3,0,0,145,4.1,26,0.7,2,48,0.093,39,4,4,21,6,2,1,0,41,1,,
2022,Allen Robinson II (FA),276,10,33,339,10.3,268,8.1,0,0,71,2.2,9,0.3,0,52,0.101,34,1,14,15,3,0,0,0,29,3,,
2022,Quez Watkins (PIT),277,17,33,354,10.7,208,6.3,0,0,146,4.4,31,0.9,1,51,0.101,36,3,4,11,5,3,2,2,53,0,,
2022,Elijah Moore (CLE),278,16,37,446,12.1,331,8.9,0,0,115,3.1,31,0.8,2,65,0.111,39,2,7,19,8,1,1,0,42,1,,
2022,Jamal Agnew (JAC),279,15,23,187,8.1,66,2.9,0,0,121,5.3,20,0.9,0,30,0.052,25,2,6,6,1,0,0,0,24,3,,
2022,Trenton Irwin (CIN),280,9,15,231,15.4,172,11.5,0,0,59,3.9,18,1.2,0,23,0.038,16,1,5,10,3,2,1,0,45,4,,
2022,Randall Cobb (NYJ),281,13,34,417,12.3,232,6.8,0,0,185,5.4,48,1.4,1,50,0.093,36,2,7,14,7,2,1,0,40,1,,
2022,Jauan Jennings (SF),282,16,35,416,11.9,240,6.9,0,0,176,5,49,1.4,3,56,0.111,42,7,3,22,3,2,1,0,44,1,,
2022,Rondale Moore (ATL),283,8,41,414,10.1,133,3.2,0,0,281,6.9,86,2.1,5,56,0.088,47,5,6,16,6,2,0,0,38,1,,
2022,Julio Jones (PHI),284,10,24,299,12.5,175,7.3,0,0,124,5.2,29,1.2,2,43,0.059,26,1,6,10,3,2,1,0,48,2,,
2022,Dante Pettis (CHI),285,17,19,245,12.9,182,9.6,0,0,63,3.3,7,0.4,1,41,0.114,24,4,4,11,2,2,2,1,51,3,,
2022,Laviska Shenault Jr. (SEA),286,13,27,272,10.1,-59,-2.2,0,0,331,12.3,85,3.1,0,32,0.075,29,2,2,7,3,2,2,1,67,1,,
2022,Ben Skowronek (LAR),287,14,39,376,9.6,239,6.1,0,0,137,3.5,26,0.7,0,61,0.118,41,2,3,12,5,2,0,0,32,0,,
2022,Tutu Atwell (LAR),288,12,18,298,16.6,237,13.2,0,0,61,3.4,17,0.9,2,35,0.068,20,1,2,9,5,3,2,2,62,1,,
2022,Tyquan Thornton (NE),289,12,22,247,11.2,179,8.1,0,0,68,3.1,13,0.6,0,45,0.087,27,5,5,11,4,0,0,0,29,2,,
2022,Nelson Agholor (BAL),290,15,31,362,11.7,218,7,0,0,144,4.6,38,1.2,1,53,0.102,34,3,2,14,6,2,1,0,44,2,,
2022,Ray-Ray McCloud III (ATL),291,17,14,243,17.4,151,10.8,0,0,92,6.6,9,0.6,0,25,0.05,16,2,1,12,5,2,1,0,42,1,,
2022,Equanimeous St. Brown (NO),292,16,21,323,15.4,234,11.1,0,0,89,4.2,17,0.8,0,38,0.106,22,1,2,13,5,2,1,1,56,1,,
2022,Justin Watson (KC),293,17,15,315,21,255,17,0,0,60,4,10,0.7,0,34,0.055,20,5,2,12,6,3,2,1,67,2,,
2022,Hunter Renfrow (FA),294,10,36,330,9.2,181,5,0,0,149,4.1,35,1,2,50,0.09,37,1,5,12,3,0,0,0,27,2,,
2022,Kadarius Toney (KC),295,9,16,171,10.7,63,3.9,0,0,108,6.8,44,2.8,4,20,0.041,18,2,5,6,4,1,0,0,38,2,,
2022,Braxton Berrios (MIA),296,17,18,145,8.1,53,2.9,0,0,92,5.1,15,0.8,1,32,0.054,21,3,5,5,2,0,0,0,25,0,,
2022,Shi Smith (KC),297,17,22,296,13.5,140,6.4,0,0,156,7.1,32,1.5,1,41,0.096,25,3,5,13,6,2,0,0,38,2,,
2022,Damiere Byrd (FA),298,12,13,268,20.6,163,12.5,0,0,105,8.1,14,1.1,1,23,0.058,15,1,0,11,3,2,2,1,75,2,,
2022,Rashod Bateman (BAL),299,6,15,285,19,152,10.1,0,0,133,8.9,11,0.7,1,28,0.06,19,4,1,7,5,3,2,2,75,2,,
2022,A.J. Green (FA),300,13,24,236,9.8,175,7.3,0,0,61,2.5,30,1.3,2,47,0.074,27,2,6,5,1,1,1,1,77,2,,
2022,Jarvis Landry (FA),301,9,25,272,10.9,211,8.4,0,0,61,2.4,20,0.8,1,39,0.079,27,2,6,10,2,2,1,0,40,1,,
2022,Michael Thomas (NO),302,3,16,171,10.7,150,9.4,0,0,21,1.3,2,0.1,0,22,0.045,18,1,3,9,2,0,0,0,21,3,,
2022,Tre'Quan Smith (DET),303,10,19,278,14.6,212,11.2,0,0,66,3.5,33,1.7,2,27,0.055,22,3,2,12,4,1,1,0,48,1,,
2022,Kendall Hinton (FA),304,11,24,311,13,172,7.2,0,0,139,5.8,52,2.2,3,33,0.061,28,4,4,13,5,3,0,0,35,0,,
2022,Robbie Chosen (MIA),305,12,20,282,14.1,186,9.3,0,0,96,4.8,5,0.3,0,44,0.103,22,2,3,10,3,2,1,1,75,1,,
2022,Phillip Dorsett II (DEN),306,15,20,257,12.9,195,9.8,0,0,62,3.1,11,0.6,0,40,0.072,24,3,2,9,5,1,0,0,34,1,,
2022,Sammy Watkins (FA),307,9,16,325,20.3,199,12.4,0,0,126,7.9,6,0.4,0,27,0.05,20,2,5,9,7,4,3,1,55,0,,
2022,Wan'Dale Robinson (NYG),308,6,23,227,9.9,101,4.4,0,0,126,5.5,26,1.1,1,31,0.063,24,1,2,10,0,0,0,0,19,1,,
2022,KhaDarel Hodge (ATL),309,13,13,202,15.5,141,10.8,0,0,61,4.7,3,0.2,0,20,0.05,15,1,0,10,2,1,0,0,39,1,,
2022,Dyami Brown (WAS),310,9,5,143,28.6,112,22.4,0,0,31,6.2,2,0.4,1,14,0.026,5,0,0,4,2,2,1,1,75,2,,
2022,Ashton Dulin (IND),311,10,15,207,13.8,172,11.5,0,0,35,2.3,15,1,1,22,0.038,15,0,4,11,2,1,0,0,39,1,,
2022,Velus Jones Jr. (CHI),312,11,7,107,15.3,70,10,0,0,37,5.3,8,1.1,0,14,0.039,8,1,2,3,2,1,1,0,44,1,,
2022,Byron Pringle (WAS),313,10,10,135,13.5,121,12.1,0,0,14,1.4,0,0,0,16,0.045,10,0,1,6,3,1,0,0,35,2,,
2022,Khalil Shakir (BUF),314,10,10,161,16.1,78,7.8,0,0,83,8.3,14,1.4,1,20,0.036,12,2,0,7,4,1,0,0,31,1,,
2022,Jalen Nailor (MIN),315,8,9,179,19.9,112,12.4,0,0,67,7.4,37,4.1,1,13,0.02,9,0,1,8,3,2,1,0,47,1,,
2022,Brandon Powell (MIN),316,17,24,156,6.5,-28,-1.2,0,0,184,7.7,12,0.5,0,32,0.062,27,3,4,6,0,0,0,0,16,0,,
2022,Amari Rodgers (FA),317,15,16,204,12.8,130,8.1,0,0,74,4.6,16,1,2,25,0.046,18,1,1,10,3,1,0,0,37,1,,
2022,River Cracraft (MIA),318,8,9,102,11.3,76,8.4,0,0,26,2.9,1,0.1,0,14,0.025,9,0,3,7,1,0,0,0,22,2,,
2022,Marquez Callaway (PIT),319,10,16,158,9.9,123,7.7,0,0,35,2.2,17,1.1,0,32,0.065,19,3,5,6,2,1,0,0,33,1,,
2022,David Bell (CLE),320,15,24,214,8.9,139,5.8,0,0,75,3.1,25,1,3,35,0.069,28,3,1,8,1,0,0,0,20,0,,
2022,Sterling Shepard (NYG),321,3,13,154,11.8,99,7.6,0,0,55,4.2,27,2.1,1,24,0.049,16,3,1,5,1,1,1,1,65,1,,
2022,Skyy Moore (KC),322,16,22,250,11.4,102,4.6,0,0,148,6.7,37,1.7,2,33,0.054,23,1,1,10,2,1,0,0,30,0,,
2022,Zach Pascal (ARI),323,15,15,150,10,64,4.3,0,0,86,5.7,8,0.5,1,19,0.038,16,1,1,5,2,1,0,0,34,1,,
2022,Keelan Cole Sr. (LV),324,12,10,141,14.1,112,11.2,0,0,29,2.9,13,1.3,0,21,0.038,13,3,3,7,3,1,0,0,30,1,,
2022,Scott Miller (ATL),325,12,23,185,8,152,6.6,0,0,33,1.4,7,0.3,0,40,0.055,27,3,4,6,2,0,0,0,23,0,,
2022,Jalen Reagor (NE),326,17,8,104,13,76,9.5,0,0,28,3.5,8,1,0,13,0.02,8,0,1,4,2,1,0,0,38,2,,
2022,KJ Hamler (BUF),327,7,7,165,23.6,142,20.3,0,0,23,3.3,9,1.3,0,14,0.026,7,0,0,4,3,3,3,1,55,0,,
2022,Denzel Mims (PIT),328,9,11,186,16.9,111,10.1,0,0,75,6.8,52,4.7,3,25,0.043,16,3,1,8,2,2,1,1,63,0,,
2022,Lawrence Cager (NYG),329,6,13,118,9.1,40,3.1,0,0,78,6,13,1,1,19,0.032,13,0,1,6,1,0,0,0,20,1,,
2022,N'Keal Harry (MIN),330,6,7,116,16.6,101,14.4,0,0,15,2.1,1,0.1,0,9,0.025,7,0,1,4,1,1,1,0,49,1,,
2022,Steven Sims Jr. (HOU),331,12,14,104,7.4,18,1.3,0,0,86,6.1,14,1,2,23,0.042,14,1,1,5,1,0,0,0,28,0,,
2022,DeSean Jackson (FA),332,7,9,153,17,130,14.4,0,0,23,2.6,3,0.3,1,17,0.037,9,0,2,5,2,1,1,1,62,0,,
2022,Anthony Schwartz (MIA),333,7,4,51,12.8,24,6,0,0,27,6.8,1,0.3,0,10,0.02,6,2,0,3,0,0,0,0,19,0,,
2022,Cedrick Wilson Jr. (NO),334,13,12,136,11.3,91,7.6,0,0,45,3.8,11,0.9,0,18,0.032,12,0,0,6,2,0,0,0,21,0,,
2022,Breshad Perriman (FA),335,8,9,110,12.2,58,6.4,0,0,52,5.8,6,0.7,1,19,0.026,11,2,0,5,2,0,0,0,28,1,,
2022,Samori Toure (GB),336,4,5,82,16.4,71,14.2,0,0,11,2.2,5,1,0,10,0.019,5,0,1,2,2,2,0,0,37,1,,
2022,Tom Kennedy (DET),337,7,8,141,17.6,63,7.9,0,0,78,9.8,12,1.5,0,15,0.027,9,1,1,5,2,1,1,0,44,0,,
2022,Kenny Golladay (FA),338,6,6,81,13.5,70,11.7,0,0,11,1.8,0,0,0,17,0.035,10,4,1,4,1,0,0,0,25,1,,
2022,Jameson Williams (DET),339,6,1,41,41,36,36,0,0,5,5,0,0,0,9,0.016,3,2,0,1,1,1,1,0,41,1,,
2022,Jeff Smith (ARI),340,7,8,134,16.8,97,12.1,0,0,37,4.6,2,0.3,0,11,0.019,8,0,1,5,2,1,1,1,50,0,,
2022,T.Y. Hilton (FA),341,3,7,121,17.3,88,12.6,0,0,33,4.7,18,2.6,1,10,0.018,9,2,0,4,2,1,1,1,52,0,,
2022,Jalen Virgil (DEN),342,7,2,75,37.5,32,16,0,0,43,21.5,0,0,0,5,0.009,2,0,0,1,1,1,1,1,66,1,,
2022,David Sills (DEN),343,7,11,106,9.6,66,6,0,0,40,3.6,12,1.1,0,17,0.035,12,1,2,4,1,0,0,0,24,0,,
2022,Marcus Johnson (FA),344,8,9,99,11,63,7,0,0,36,4,7,0.8,0,22,0.045,10,1,3,5,0,0,0,0,18,0,,
2022,Dax Milne (WAS),345,15,6,37,6.2,24,4,0,0,13,2.2,6,1,1,7,0.013,6,0,3,1,0,0,0,0,12,1,,
2022,Michael Bandy (DEN),346,8,10,89,8.9,64,6.4,0,0,25,2.5,0,0,0,21,0.031,11,1,1,4,2,0,0,0,25,0,,
2022,Cam Sims (CAR),347,13,8,89,11.1,71,8.9,0,0,18,2.3,0,0,0,18,0.034,8,0,3,5,1,0,0,0,21,0,,
2022,Brandon Johnson (DEN),348,5,6,42,7,29,4.8,0,0,13,2.2,3,0.5,0,14,0.026,6,0,2,2,0,0,0,0,12,1,,
2022,Freddie Swain (MIA),349,3,4,74,18.5,47,11.8,0,0,27,6.8,2,0.5,0,6,0.011,4,0,0,2,1,1,1,1,52,0,,
2022,Kevin White (FA),350,6,2,74,37,6,3,0,0,68,34,36,18,0,5,0.01,3,1,0,2,1,1,1,1,64,0,,
2022,Gunner Olszewski (NYG),351,15,5,53,10.6,40,8,0,0,13,2.6,6,1.2,1,7,0.013,5,0,1,1,1,1,0,0,31,0,,
2022,Dee Eskridge (SEA),352,9,7,58,8.3,12,1.7,0,0,46,6.6,7,1,1,13,0.024,7,0,2,4,0,0,0,0,16,0,,
2022,Jake Kumerow (FA),353,5,4,64,16,47,11.8,0,0,17,4.3,6,1.5,0,7,0.013,4,0,0,3,1,1,0,0,39,0,,
2022,Jalen Guyton (LAC),354,2,2,64,32,57,28.5,0,0,7,3.5,0,0,0,4,0.006,2,0,0,2,1,1,1,1,54,0,,
2022,Jamison Crowder (WAS),355,4,6,60,10,30,5,0,0,30,5,7,1.2,0,13,0.023,7,0,0,3,0,0,0,0,16,0,,
2022,Mike Strachan (CAR),356,6,3,59,19.7,46,15.3,0,0,13,4.3,5,1.7,0,9,0.016,3,0,4,3,2,0,0,0,23,0,,
2022,Deven Thompkins (TB),357,5,5,32,6.4,0,0,0,0,32,6.4,15,3,2,10,0.014,7,0,0,1,0,0,0,0,13,0,,
2022,Trent Taylor (SF),358,16,6,62,10.3,19,3.2,0,0,43,7.2,22,3.7,1,10,0.017,6,0,0,1,1,1,0,0,34,0,,
2022,Cody Hollister (FA),359,6,3,54,18,46,15.3,0,0,8,2.7,2,0.7,0,5,0.011,3,0,1,2,2,0,0,0,27,0,,
2022,James Proche II (CLE),360,12,8,62,7.8,46,5.8,0,0,16,2,6,0.8,1,17,0.037,9,1,2,3,0,0,0,0,12,0,,
2022,Chris Conley (SF),361,4,4,46,11.5,43,10.8,0,0,3,0.8,0,0,0,7,0.013,6,2,0,1,1,0,0,0,27,0,,
2022,Andre Baccellia (ARI),362,5,7,45,6.4,34,4.9,0,0,11,1.6,0,0,0,10,0.016,7,0,1,2,0,0,0,0,11,0,,
2022,Racey McMath (DAL),363,4,2,40,20,33,16.5,0,0,7,3.5,0,0,0,8,0.018,2,0,0,1,1,1,0,0,39,0,,
2022,Laquon Treadwell (FA),364,3,6,42,7,31,5.2,0,0,11,1.8,3,0.5,0,10,0.018,7,1,2,2,0,0,0,0,17,0,,
2022,Michael Woods II (CLE),365,8,5,45,9,28,5.6,0,0,17,3.4,0,0,0,10,0.02,5,0,2,2,0,0,0,0,15,0,,
2022,Kyle Philips (TEN),366,4,8,78,9.8,57,7.1,0,0,21,2.6,1,0.1,0,13,0.03,9,1,0,2,2,0,0,0,21,0,,
2022,Cole Beasley (FA),367,5,6,35,5.8,21,3.5,0,0,14,2.3,3,0.5,0,8,0.011,7,1,1,0,0,0,0,0,9,0,,
2022,Tylan Wallace (BAL),368,6,4,33,8.3,24,6,0,0,9,2.3,5,1.3,1,7,0.015,5,1,0,1,0,0,0,0,12,0,,
2022,Tim Jones (JAC),369,7,3,30,10,9,3,0,0,21,7,15,5,1,4,0.007,4,1,0,1,1,0,0,0,20,0,,
2022,Tyrie Cleveland (IND),370,5,2,28,14,11,5.5,0,0,17,8.5,9,4.5,1,7,0.013,2,0,1,2,0,0,0,0,16,0,,
2022,Simi Fehoko (LAC),371,3,3,24,8,14,4.7,0,0,10,3.3,6,2,0,4,0.007,3,0,0,1,0,0,0,0,12,0,,
2022,Dezmon Patmon (FA),372,1,2,24,12,17,8.5,0,0,7,3.5,5,2.5,0,6,0.01,3,1,1,1,0,0,0,0,17,0,,
2022,Andy Isabella (BUF),373,4,2,21,10.5,16,8,0,0,5,2.5,3,1.5,0,5,0.008,2,0,0,2,0,0,0,0,11,0,,
2022,Cade Johnson (SEA),374,2,2,21,10.5,15,7.5,0,0,6,3,2,1,0,4,0.007,2,0,0,2,0,0,0,0,11,0,,
2022,Lil'Jordan Humphrey (DEN),375,4,2,20,10,5,2.5,0,0,15,7.5,4,2,0,4,0.008,2,0,0,1,0,0,0,0,11,0,,
2022,Penny Hart (FA),376,3,3,20,6.7,8,2.7,0,0,12,4,5,1.7,0,4,0.007,3,0,0,1,0,0,0,0,15,0,,
2022,Danny Gray (SF),377,7,1,10,10,6,6,0,0,4,4,2,2,0,7,0.014,2,1,0,1,0,0,0,0,10,0,,
2022,Keith Kirkwood (NO),378,3,2,18,9,14,7,0,0,4,2,0,0,0,4,0.008,3,1,0,1,0,0,0,0,14,0,,
2022,Juwann Winfree (IND),379,3,1,17,17,12,12,0,0,5,5,0,0,0,4,0.007,2,1,0,1,0,0,0,0,17,0,,
2022,Dennis Houston (NYG),380,2,2,16,8,10,5,0,0,6,3,6,3,0,6,0.011,2,0,0,1,0,0,0,0,11,0,,
2022,Bryan Edwards (FA),381,4,3,15,5,6,2,0,0,9,3,3,1,0,5,0.013,5,0,3,1,0,0,0,0,10,0,,
2022,Austin Trammell (LAR),382,2,2,13,6.5,13,6.5,0,0,0,0,0,0,0,4,0.008,2,0,0,0,0,0,0,0,8,0,,
2022,Montrell Washington (KC),383,15,4,2,0.5,-11,-2.8,0,0,13,3.3,2,0.5,0,9,0.017,5,1,0,0,0,0,0,0,4,0,,
2022,Lance McCutcheon (NYJ),384,4,0,0,0,0,0,0,0,0,0,0,0,0,5,0.01,0,0,1,0,0,0,0,0,0,0,,
2022,Ihmir Smith-Marsette (CAR),385,4,1,15,15,10,10,0,0,5,5,0,0,0,4,0.011,2,1,1,1,0,0,0,0,15,0,,
2021,Cooper Kupp (LAR),386,17,145,1947,13.4,1101,7.6,0,0,846,5.8,257,1.8,10,191,0.317,156,8,37,66,30,15,9,3,59,16,,
2021,Deebo Samuel Sr. (SF),387,16,77,1405,18.9,621,8,0,0,855,11,295,3.8,13,121,0.242,89,10,9,52,24,13,10,6,83,6,,
2021,Ja'Marr Chase (CIN),388,17,81,1455,18,804,9.9,0,0,651,8,251,3.1,8,128,0.237,95,11,12,51,22,13,8,6,82,13,,
2021,Justin Jefferson (MIN),389,17,108,1616,14.9,1141,10.5,0,0,482,4.4,149,1.4,5,167,0.289,120,7,20,67,27,11,5,2,56,10,,
2021,Davante Adams (LV),390,16,123,1553,12.6,961,7.8,0,0,592,4.8,146,1.2,5,169,0.296,127,4,27,66,19,12,4,2,59,11,,
2021,Mike Evans (TB),391,16,74,1035,14,776,10.5,0,0,259,3.5,63,0.9,2,114,0.159,76,2,18,42,20,7,3,0,46,14,,
2021,Tyreek Hill (MIA),392,17,111,1239,11.2,795,7.2,0,0,444,4,114,1,10,159,0.25,121,7,23,49,13,7,3,1,75,9,,
2021,Stefon Diggs (HOU),393,17,103,1225,11.9,899,8.7,0,0,326,3.2,152,1.5,7,164,0.262,111,5,34,50,12,6,4,2,61,10,,
2021,Mike Williams (NYJ),394,16,76,1146,15.1,731,9.6,0,0,415,5.5,136,1.8,2,129,0.195,86,6,19,41,17,9,9,2,72,9,,
2021,DK Metcalf (SEA),395,17,75,967,12.9,639,8.5,0,0,328,4.4,159,2.1,8,129,0.271,83,4,19,41,11,5,2,1,84,12,,
2021,Tyler Lockett (SEA),396,16,73,1175,16.1,898,12.3,0,0,277,3.8,65,0.9,2,107,0.225,73,0,7,36,22,9,7,5,69,8,,
2021,Diontae Johnson (CAR),397,16,107,1161,10.9,634,5.9,0,0,527,4.9,98,0.9,8,169,0.259,112,5,21,46,14,7,4,2,50,8,,
2021,Hunter Renfrow (FA),398,17,103,1038,10.1,586,5.7,0,0,452,4.4,115,1.1,2,128,0.212,105,2,23,41,10,2,1,1,54,9,,
2021,CeeDee Lamb (DAL),399,16,79,1102,13.9,661,8.4,0,0,441,5.6,198,2.5,12,120,0.188,89,8,10,46,20,9,2,0,49,9,,
2021,Keenan Allen (CHI),400,16,106,1138,10.7,801,7.6,0,0,337,3.2,83,0.8,1,157,0.238,116,8,23,47,12,5,2,0,42,6,,
2021,Michael Pittman Jr. (IND),401,17,88,1082,12.3,734,8.3,0,0,348,4,100,1.1,2,129,0.255,95,6,16,45,12,4,3,1,57,6,,
2021,Tee Higgins (CIN),402,14,74,1091,14.7,801,10.8,0,0,290,3.9,92,1.2,4,110,0.204,85,5,11,49,17,4,2,2,54,6,,
2021,DJ Moore (CHI),403,17,93,1157,12.4,731,7.9,0,0,426,4.6,127,1.4,4,163,0.283,107,10,13,52,16,2,1,1,64,4,,
2021,Chris Godwin (TB),404,14,98,1103,11.3,517,5.3,0,0,586,6,190,1.9,5,127,0.177,103,5,25,45,15,3,1,0,44,5,,
2021,Brandin Cooks (DAL),405,16,90,1037,11.4,671,7.5,0,0,357,4,68,0.8,5,134,0.256,95,5,10,41,12,6,5,1,52,6,,
2021,Jaylen Waddle (MIA),406,16,104,1015,9.8,576,5.5,0,0,439,4.2,103,1,4,140,0.234,113,8,15,39,8,4,2,1,57,6,,
2021,Darnell Mooney (ATL),407,17,81,1055,13,674,8.3,0,0,381,4.7,123,1.5,5,140,0.267,91,9,10,42,14,6,3,3,64,4,,
2021,Amon-Ra St. Brown (DET),408,16,90,912,10.1,488,5.4,0,0,424,4.7,97,1.1,2,119,0.21,93,1,14,32,11,4,0,0,37,5,,
2021,Terry McLaurin (WAS),409,17,77,1053,13.7,736,9.6,0,0,317,4.1,121,1.6,4,130,0.243,85,5,9,45,15,9,3,0,46,5,,
2021,Marquise Brown (KC),410,16,91,1008,11.1,620,6.8,0,0,388,4.3,88,1,4,146,0.247,102,8,16,43,15,6,3,0,49,6,,
2021,Amari Cooper (CLE),411,15,68,865,12.7,630,9.3,0,0,235,3.5,81,1.2,4,104,0.163,72,4,17,36,15,4,1,0,41,8,,
2021,Adam Thielen (CAR),412,13,67,726,10.8,487,7.3,0,0,239,3.6,60,0.9,1,95,0.164,69,1,13,28,14,2,0,0,35,10,,
2021,Christian Kirk (JAC),413,17,77,982,12.9,769,10,0,0,228,3,63,0.8,1,103,0.181,85,6,10,34,16,7,4,1,50,5,,
2021,Kendrick Bourne (NE),414,17,55,800,14.5,415,7.5,0,0,385,7,91,1.7,5,70,0.134,57,2,7,28,10,6,5,1,75,5,,
2021,DeVonta Smith (PHI),415,17,64,916,14.3,696,10.9,0,0,220,3.4,62,1,2,104,0.222,70,2,8,39,16,5,1,0,46,5,,
2021,Van Jefferson (PIT),416,17,50,802,16,586,11.7,0,0,216,4.3,78,1.6,2,89,0.148,56,6,15,28,12,6,4,4,79,6,,
2021,A.J. Brown (PHI),417,13,63,869,13.8,621,9.9,0,0,248,3.9,99,1.6,2,105,0.201,72,8,11,45,10,3,3,1,57,5,,
2021,Tyler Boyd (CIN),418,16,67,828,12.4,439,6.6,0,0,389,5.8,60,0.9,2,94,0.174,69,0,7,33,10,4,2,2,68,5,,
2021,Brandon Aiyuk (SF),419,17,56,826,14.7,477,8.5,0,0,347,6.2,140,2.5,3,84,0.168,62,4,10,35,16,6,1,0,43,5,,
2021,K.J. Osborn (NE),420,17,50,655,13.1,476,9.5,0,0,179,3.6,55,1.1,1,82,0.142,51,2,9,23,10,4,2,2,64,7,,
2021,Chase Claypool (MIA),421,15,59,860,14.6,577,9.8,0,0,283,4.8,126,2.1,4,105,0.161,66,5,13,33,13,7,4,2,59,2,,
2021,Marvin Jones Jr. (FA),422,17,73,832,11.4,700,9.6,0,0,132,1.8,29,0.4,0,120,0.206,79,2,18,36,13,2,0,0,33,4,,
2021,Marquez Callaway (PIT),423,17,46,698,15.2,554,12,0,0,144,3.1,58,1.3,4,84,0.177,51,4,9,29,9,5,3,1,58,6,,
2021,DeAndre Hopkins (TEN),424,10,42,572,13.6,432,10.3,0,0,140,3.3,46,1.1,0,64,0.112,44,1,14,27,7,4,1,1,55,8,,
2021,Tim Patrick (DEN),425,16,53,734,13.8,532,10,0,0,202,3.8,37,0.7,2,85,0.164,57,3,11,33,10,4,1,0,44,5,,
2021,Jakobi Meyers (LV),426,16,83,866,10.4,643,7.7,0,0,223,2.7,50,0.6,1,126,0.24,89,3,13,34,12,2,0,0,39,2,,
2021,Cedrick Wilson Jr. (NO),427,14,45,602,13.4,348,7.7,0,0,254,5.6,82,1.8,0,61,0.096,48,3,9,23,8,4,2,2,73,6,,
2021,A.J. Green (FA),428,16,54,848,15.7,667,12.4,0,0,181,3.4,83,1.5,5,92,0.161,63,5,17,33,16,9,3,0,42,3,,
2021,Allen Lazard (NYJ),429,14,40,513,12.8,345,8.6,0,0,168,4.2,59,1.5,1,60,0.105,41,1,14,21,8,3,1,0,42,8,,
2021,Russell Gage (FA),430,13,66,770,11.7,516,7.8,0,0,254,3.8,89,1.3,5,94,0.17,73,5,13,31,8,2,1,0,49,7,,
2021,Elijah Moore (CLE),431,11,43,538,12.5,332,7.7,0,0,206,4.8,52,1.2,2,77,0.133,44,1,7,23,9,1,1,1,62,5,,
2021,Courtland Sutton (DEN),432,17,58,776,13.4,641,11.1,0,0,135,2.3,36,0.6,1,98,0.189,61,3,10,32,9,7,2,1,55,2,,
2021,Robert Woods (HOU),433,9,45,556,12.4,358,8,0,0,198,4.4,71,1.6,0,69,0.115,48,3,16,25,8,0,0,0,28,4,,
2021,Gabe Davis (JAC),434,15,35,549,15.7,409,11.7,0,0,140,4,33,0.9,1,63,0.101,41,5,17,25,13,3,1,0,49,6,,
2021,Emmanuel Sanders (FA),435,14,42,626,14.9,541,12.9,0,0,85,2,31,0.7,0,72,0.115,46,3,10,27,10,4,1,0,41,4,,
2021,Robbie Chosen (MIA),436,17,53,519,9.8,361,6.8,0,0,158,3,32,0.6,2,110,0.191,63,7,8,21,3,1,1,1,57,5,,
2021,Odell Beckham Jr. (FA),437,14,44,537,12.2,386,8.8,0,0,151,3.4,29,0.7,1,82,0.164,50,2,12,19,7,2,2,1,54,5,,
2021,Byron Pringle (WAS),438,16,42,568,13.5,381,9.1,0,0,187,4.5,70,1.7,4,60,0.094,47,4,6,23,11,2,1,0,40,5,,
2021,Kalif Raymond (DET),439,16,48,576,12,314,6.5,0,0,262,5.5,30,0.6,3,71,0.125,51,3,6,22,8,2,1,1,75,4,,
2021,Mecole Hardman Jr. (KC),440,17,59,693,11.7,191,3.2,0,0,502,8.5,152,2.6,7,83,0.13,62,2,15,21,8,4,4,1,53,2,,
2021,Jarvis Landry (FA),441,12,52,570,11,297,5.7,0,0,273,5.3,79,1.5,3,87,0.174,54,2,10,23,7,3,0,0,38,2,,
2021,Antonio Brown (FA),442,7,42,545,13,355,8.5,0,0,190,4.5,30,0.7,2,62,0.087,45,2,3,22,10,2,2,1,62,4,,
2021,Cole Beasley (FA),443,16,82,693,8.5,388,4.7,0,0,305,3.7,71,0.9,0,112,0.179,88,6,13,26,5,0,0,0,29,1,,
2021,Deonte Harty (BAL),444,13,36,570,15.8,329,9.1,0,0,241,6.7,99,2.8,4,59,0.124,41,3,5,17,5,4,4,3,72,3,,
2021,Donovan Peoples-Jones (DET),445,14,34,597,17.6,451,13.3,0,0,146,4.3,50,1.5,4,58,0.116,37,3,3,23,12,5,3,2,60,3,,
2021,Braxton Berrios (MIA),446,16,46,431,9.4,189,4.1,0,0,242,5.3,19,0.4,1,65,0.112,47,1,8,16,5,1,1,0,46,2,,
2021,Bryan Edwards (FA),447,16,34,571,16.8,381,11.2,0,0,190,5.6,82,2.4,6,59,0.098,35,1,8,24,11,6,1,1,51,3,,
2021,Quez Watkins (PIT),448,17,43,647,15,393,9.1,0,0,254,5.9,69,1.6,5,62,0.132,45,1,7,24,12,5,3,2,91,1,,
2021,Corey Davis (FA),449,9,34,492,14.5,368,10.8,0,0,124,3.6,66,1.9,2,59,0.102,39,5,4,22,9,3,1,1,53,4,,
2021,Nick Westbrook-Ikhine (TEN),450,15,38,476,12.5,332,8.7,0,0,144,3.8,42,1.1,1,57,0.109,40,2,10,20,5,2,1,0,46,4,,
2021,Nelson Agholor (BAL),451,15,37,473,12.8,355,9.6,0,0,118,3.2,35,0.9,2,64,0.122,39,1,6,22,9,2,1,0,44,3,,
2021,Jalen Guyton (LAC),452,16,31,448,14.2,292,9.4,0,0,149,4.8,64,2.1,2,48,0.073,36,4,7,18,4,3,2,1,59,3,,
2021,Randall Cobb (NYJ),453,11,28,375,13.4,237,8.5,0,0,138,4.9,72,2.6,1,39,0.068,30,2,12,13,6,3,1,1,54,5,,
2021,Laviska Shenault Jr. (SEA),454,16,63,619,9.8,230,3.7,0,0,389,6.2,192,3,10,100,0.172,71,8,9,27,5,2,2,2,58,0,,
2021,DeVante Parker (PHI),455,10,40,515,12.9,411,10.3,0,0,104,2.6,46,1.2,1,73,0.122,51,4,6,22,7,3,1,0,42,2,,
2021,DeAndre Carter (LV),456,17,24,296,12.3,218,9.1,0,0,78,3.3,15,0.6,0,44,0.082,26,2,2,14,5,0,0,0,26,3,,
2021,Freddie Swain (MIA),457,17,25,343,13.7,137,5.5,0,0,206,8.2,43,1.7,0,40,0.084,29,2,4,10,6,3,2,2,68,4,,
2021,Marquez Valdes-Scantling (FA),458,11,26,430,16.5,284,10.9,0,0,146,5.6,28,1.1,0,55,0.096,26,0,8,12,8,5,3,1,75,3,,
2021,Henry Ruggs III (FA),459,7,24,469,19.5,360,15,0,0,109,4.5,32,1.3,3,36,0.06,26,2,1,14,9,6,4,2,61,2,,
2021,Joshua Palmer (LAC),460,15,33,353,10.7,259,7.8,0,0,94,2.8,34,1,1,49,0.074,35,1,8,15,3,1,0,0,36,3,,
2021,Zay Jones (JAC),461,15,47,546,11.6,376,8,0,0,170,3.6,39,0.8,3,70,0.116,50,2,5,22,8,4,2,0,43,1,,
2021,Olamide Zaccheaus (WAS),462,15,31,406,13.1,312,10.1,0,0,94,3,32,1,0,53,0.096,35,2,8,16,4,3,2,0,49,3,,
2021,Jamison Crowder (WAS),463,12,51,447,8.7,273,5.4,0,0,169,3.3,47,0.9,0,71,0.122,55,2,11,19,3,0,0,0,29,2,,
2021,Jauan Jennings (SF),464,13,24,282,11.8,179,7.5,0,0,103,4.3,42,1.8,2,38,0.076,29,5,7,12,4,1,0,0,34,5,,
2021,Rashod Bateman (BAL),465,12,46,515,11.2,344,7.5,0,0,171,3.7,45,1,0,68,0.115,48,2,5,19,8,4,0,0,36,1,,
2021,Michael Gallup (FA),466,9,35,445,12.7,322,9.2,0,0,123,3.5,43,1.2,1,62,0.097,39,3,8,17,6,3,2,0,41,2,,
2021,Zach Pascal (ARI),467,16,38,384,10.1,263,6.9,0,0,121,3.2,29,0.8,1,69,0.137,41,4,13,14,5,3,1,0,41,3,,
2021,DeSean Jackson (FA),468,14,20,454,22.7,279,14,0,0,175,8.8,15,0.8,0,34,0.056,21,1,0,13,6,6,4,3,75,2,,
2021,Tre'Quan Smith (DET),469,10,32,377,11.8,264,8.3,0,0,113,3.5,36,1.1,2,50,0.105,38,2,8,16,6,1,0,0,34,3,,
2021,Rondale Moore (ATL),470,14,54,435,8,-4,-0.1,0,0,442,8,75,1.4,2,64,0.112,56,1,8,12,3,2,1,1,77,1,,
2021,Kenny Golladay (FA),471,14,37,521,14.1,402,10.9,0,0,119,3.2,57,1.5,3,76,0.135,41,1,10,28,5,1,0,0,36,0,,
2021,Jamal Agnew (JAC),472,12,24,229,9.5,108,4.5,0,0,121,5,38,1.6,0,39,0.067,26,1,3,6,4,0,0,0,29,1,,
2021,Josh Reynolds (DEN),473,11,29,396,13.7,277,9.6,0,0,119,4.1,53,1.8,2,49,0.094,31,1,6,19,6,1,0,0,39,0,,
2021,T.Y. Hilton (FA),474,10,23,331,14.4,260,11.3,0,0,71,3.1,23,1,0,37,0.073,25,1,4,11,4,4,2,1,52,3,,
2021,Keelan Cole Sr. (LV),475,14,28,449,16,364,13,0,0,85,3,21,0.8,0,51,0.088,30,1,5,19,7,2,2,1,54,1,,
2021,Nico Collins (HOU),476,14,33,446,13.5,313,9.5,0,0,133,4,32,1,0,60,0.115,34,1,6,18,8,3,0,0,32,1,,
2021,Julio Jones (PHI),477,10,31,434,14,322,10.4,0,0,112,3.6,50,1.6,4,48,0.092,34,1,6,20,4,2,2,1,51,1,,
2021,Laquon Treadwell (FA),478,12,33,434,13.2,308,9.3,0,0,126,3.8,39,1.2,3,51,0.087,38,3,6,17,6,2,2,0,41,1,,
2021,Allen Robinson II (FA),479,12,38,410,10.8,309,8.1,0,0,101,2.7,26,0.7,1,66,0.126,40,2,4,15,5,1,0,0,39,1,,
2021,Jerry Jeudy (CLE),480,10,38,467,11.9,265,7,0,0,187,4.9,24,0.6,0,56,0.108,42,1,3,18,7,2,1,0,40,0,,
2021,Mack Hollins (BUF),481,16,14,223,15.9,186,13.3,0,0,37,2.6,14,1,0,28,0.047,15,1,8,7,4,2,2,1,65,4,,
2021,Jalen Reagor (NE),482,17,33,299,9.1,148,4.5,0,0,151,4.6,44,1.3,1,57,0.122,41,4,5,13,4,1,0,0,34,2,,
2021,Danny Amendola (FA),483,8,24,248,10.3,143,6,0,0,105,4.4,13,0.5,0,38,0.073,25,1,3,6,4,2,0,0,39,3,,
2021,Demarcus Robinson (LAR),484,15,25,264,10.6,202,8.1,0,0,62,2.5,16,0.6,0,41,0.064,26,1,3,11,3,1,0,0,33,3,,
2021,Devin Duvernay (JAC),485,16,33,272,8.2,131,4,0,0,141,4.3,38,1.2,1,47,0.079,33,0,8,10,1,0,0,0,21,2,,
2021,Sammy Watkins (FA),486,11,27,394,14.6,300,11.1,0,0,94,3.5,28,1,0,49,0.083,33,6,4,14,6,2,1,0,49,1,,
2021,Kadarius Toney (KC),487,9,39,420,10.8,192,4.9,0,0,228,5.8,67,1.7,2,57,0.101,43,2,5,14,5,2,0,0,38,0,,
2021,Chris Conley (SF),488,14,22,323,14.7,197,9,0,0,126,5.7,41,1.9,3,37,0.071,24,2,1,15,5,3,2,0,41,2,,
2021,Darius Slayton (NYG),489,13,26,339,13,274,10.5,0,0,65,2.5,17,0.7,1,58,0.103,34,6,2,13,4,2,1,0,42,2,,
2021,James Washington (FA),490,15,24,285,11.9,206,8.6,0,0,79,3.3,29,1.2,0,44,0.067,26,2,8,9,4,3,1,0,42,2,,
2021,Sterling Shepard (NYG),491,7,36,366,10.2,255,7.1,0,0,111,3.1,58,1.6,1,53,0.094,40,4,9,15,4,1,0,0,37,1,,
2021,Calvin Ridley (TEN),492,5,31,281,9.1,190,6.1,0,0,91,2.9,35,1.1,1,52,0.094,38,3,10,11,3,0,0,0,22,2,,
2021,Damiere Byrd (FA),493,11,26,329,12.7,213,8.2,0,0,116,4.5,11,0.4,1,38,0.073,29,2,4,18,3,1,1,1,54,1,,
2021,Antoine Wesley (FA),494,8,19,208,10.9,147,7.7,0,0,61,3.2,31,1.6,0,32,0.056,20,1,5,6,4,1,0,0,33,3,,
2021,Adam Humphries (FA),495,17,41,383,9.3,233,5.7,0,0,150,3.7,26,0.6,2,62,0.116,46,3,4,18,4,0,0,0,27,0,,
2021,Marquise Goodwin (CLE),496,14,20,313,15.7,230,11.5,0,0,83,4.2,33,1.7,0,40,0.076,23,2,3,13,5,2,2,1,50,1,,
2021,Lil'Jordan Humphrey (DEN),497,8,13,249,19.2,148,11.4,0,0,101,7.8,21,1.6,1,18,0.038,13,0,1,8,6,1,1,1,56,2,,
2021,Tyler Johnson (LAR),498,16,36,360,10,223,6.2,0,0,137,3.8,48,1.3,2,55,0.077,40,4,8,10,4,2,0,0,31,0,,
2021,Chester Rogers (FA),499,16,30,301,10,198,6.6,0,0,103,3.4,34,1.1,0,43,0.082,32,2,4,15,3,1,0,0,39,1,,
2021,Chris Moore (ARI),500,10,21,227,10.8,77,3.7,0,0,150,7.1,34,1.6,1,22,0.042,21,0,2,8,4,1,1,1,67,2,,
2021,Cyril Grayson Jr. (FA),501,3,10,212,21.2,142,14.2,0,0,70,7,1,0.1,0,12,0.017,10,0,1,6,4,3,2,2,62,2,,
2021,Quintez Cephus (FA),502,5,15,204,13.6,109,7.3,0,0,95,6.3,28,1.9,2,22,0.039,15,0,3,6,5,2,1,0,46,2,,
2021,Cam Sims (CAR),503,12,15,211,14.1,169,11.3,0,0,42,2.8,4,0.3,1,23,0.043,16,1,4,10,2,1,1,0,43,2,,
2021,Rashard Higgins (FA),504,12,24,275,11.5,228,9.5,0,0,47,2,2,0.1,0,47,0.094,27,3,5,16,1,0,0,0,21,1,,
2021,Malik Turner (FA),505,7,12,149,12.4,75,6.3,0,0,74,6.2,64,5.3,2,16,0.025,13,1,5,5,1,1,1,1,61,3,,
2021,Isaiah McKenzie (NYG),506,15,20,178,8.9,97,4.9,0,0,81,4.1,30,1.5,1,26,0.042,23,3,4,6,1,0,0,0,28,1,,
2021,Ashton Dulin (IND),507,16,13,173,13.3,123,9.5,0,0,50,3.8,5,0.4,0,22,0.044,16,2,2,7,2,1,1,1,62,2,,
2021,Brandon Zylstra (FA),508,12,18,250,13.9,132,7.3,0,0,118,6.6,36,2,1,25,0.043,19,0,2,9,4,1,1,1,55,1,,
2021,John Ross (FA),509,9,11,224,15.7,134,12.2,0,0,39,3.5,15,1.4,1,20,0.035,12,1,1,7,2,1,1,1,51,1,,
2021,Jakeem Grant Sr. (CLE),510,15,11,132,12,29,2.6,0,0,103,9.4,65,5.9,3,17,0.028,13,2,2,5,2,2,1,0,46,2,,
2021,Isaiah Ford (FA),511,9,12,161,13.4,101,8.4,0,0,60,5,25,2.1,1,16,0.027,12,0,3,6,2,1,1,1,52,2,,
2021,Greg Ward (PHI),512,10,7,95,13.6,79,11.3,0,0,16,2.3,4,0.6,0,11,0.024,9,2,6,4,1,0,0,0,27,3,,
2021,Tavon Austin (FA),513,12,24,213,8.9,154,6.4,0,0,59,2.5,36,1.5,1,38,0.065,26,2,2,8,2,0,0,0,25,1,,
2021,DJ Chark Jr. (FA),514,3,7,154,22,130,18.6,0,0,24,3.4,11,1.6,0,22,0.038,8,1,1,7,3,1,1,0,41,2,,
2021,Ray-Ray McCloud III (ATL),515,16,39,277,6.9,161,4.1,0,0,110,2.8,31,0.8,2,66,0.101,44,6,10,13,2,0,0,0,24,0,,
2021,Ihmir Smith-Marsette (CAR),516,6,5,116,23.2,99,19.8,0,0,17,3.4,1,0.2,0,6,0.01,5,0,1,3,2,2,2,0,44,2,,
2021,Kendall Hinton (FA),517,11,15,175,11.7,118,7.9,0,0,57,3.8,15,1,1,23,0.044,16,1,2,7,2,1,1,0,40,1,,
2021,Anthony Schwartz (MIA),518,13,10,135,13.5,125,12.5,0,0,10,1,0,0,0,23,0.046,12,1,2,5,1,1,1,0,44,1,,
2021,Tajae Sharpe (FA),519,14,25,230,9.2,161,6.4,0,0,69,2.8,29,1.2,0,37,0.067,26,1,4,10,0,0,0,0,17,0,,
2021,Albert Wilson (FA),520,10,25,213,8.5,70,2.8,0,0,143,5.7,47,1.9,4,39,0.065,31,4,2,6,1,1,1,1,64,0,,
2021,Breshad Perriman (FA),521,5,11,167,15.2,65,5.9,0,0,102,9.3,14,1.3,1,18,0.025,12,1,3,4,3,2,1,1,58,1,,
2021,Parris Campbell (PHI),522,6,10,162,16.2,145,14.5,0,0,17,1.7,1,0.1,0,20,0.04,10,0,0,7,3,1,1,1,51,1,,
2021,James Proche II (CLE),523,7,16,202,12.6,147,9.2,0,0,55,3.4,12,0.8,0,20,0.034,16,0,0,8,2,1,0,0,32,0,,
2021,JuJu Smith-Schuster (NE),524,5,15,129,8.6,61,4.1,0,0,68,4.5,30,2,3,28,0.043,15,0,0,5,1,0,0,0,24,0,,
2021,Noah Brown (HOU),525,10,16,184,11.5,116,7.3,0,0,68,4.3,27,1.7,1,25,0.039,19,1,2,6,3,0,0,0,27,0,,
2021,Dee Eskridge (SEA),526,8,10,64,6.4,32,3.2,0,0,32,3.2,7,0.7,2,20,0.042,12,0,2,3,0,0,0,0,17,1,,
2021,KhaDarel Hodge (ATL),527,12,13,157,12.1,120,9.2,0,0,37,2.8,15,1.2,0,27,0.048,15,2,5,6,2,1,1,0,42,0,,
2021,Mohamed Sanu Sr. (FA),528,8,15,177,11.8,133,8.9,0,0,44,2.9,16,1.1,0,24,0.048,16,1,3,8,1,0,0,0,21,0,,
2021,N'Keal Harry (MIN),529,10,12,184,15.3,159,13.3,0,0,25,2.1,10,0.8,0,22,0.042,13,1,1,7,3,1,1,0,43,0,,
2021,Kristian Wilkerson (LV),530,1,4,42,10.5,37,9.3,0,0,5,1.3,3,0.8,1,8,0.015,5,1,1,1,1,0,0,0,20,2,,
2021,Dyami Brown (WAS),531,15,12,165,13.8,131,10.9,0,0,34,2.8,9,0.8,1,25,0.047,13,2,3,6,3,1,1,0,48,0,,
2021,Marcus Johnson (FA),532,7,9,160,17.8,65,7.2,0,0,95,10.6,26,2.9,1,19,0.036,9,0,3,7,3,1,1,1,50,0,,
2021,Terrace Marshall Jr. (CAR),533,12,17,138,8.1,77,4.5,0,0,61,3.6,17,1,1,30,0.052,19,0,3,4,1,0,0,0,23,0,,
2021,Dante Pettis (CHI),534,3,10,87,8.7,49,4.9,0,0,38,3.8,9,0.9,0,16,0.028,12,2,2,4,1,0,0,0,27,1,,
2021,Trent Sherfield (MIN),535,12,9,87,9.7,64,7.1,0,0,23,2.6,5,0.6,0,20,0.04,11,1,4,3,0,0,0,0,18,1,,
2021,Scott Miller (ATL),536,6,5,38,7.6,29,5.8,0,0,9,1.8,5,1,0,9,0.013,5,0,0,1,0,0,0,0,13,0,,
2021,Ben Skowronek (LAR),537,12,11,133,12.1,80,7.3,0,0,53,4.8,9,0.8,1,20,0.033,14,3,2,6,2,1,0,0,35,0,,
2021,Denzel Mims (PIT),538,10,8,133,16.6,84,10.5,0,0,49,6.1,8,1,0,23,0.04,10,2,2,5,3,1,1,0,40,0,,
2021,Kenny Stills (FA),539,7,6,68,11.3,58,9.7,0,0,10,1.7,4,0.7,0,23,0.049,7,1,2,3,1,0,0,0,22,1,,
2021,Tom Kennedy (DET),540,7,6,54,9,37,6.2,0,0,17,2.8,4,0.7,1,10,0.018,7,1,1,2,0,0,0,0,15,0,,
2021,Equanimeous St. Brown (NO),541,12,9,98,10.9,40,4.4,0,0,58,6.4,15,1.7,0,17,0.03,10,1,4,4,1,0,0,0,26,0,,
2021,Jeff Smith (ARI),542,9,8,113,14.1,98,12.3,0,0,15,1.9,6,0.8,0,17,0.029,9,1,0,7,1,1,0,0,35,0,,
2021,Phillip Dorsett II (DEN),543,5,7,110,15.7,83,11.9,0,0,27,3.9,7,1,0,14,0.024,7,0,1,4,2,2,0,0,36,0,,
2021,Dez Fitzpatrick (PIT),544,3,5,49,9.8,46,9.2,0,0,3,0.6,1,0.2,0,8,0.015,5,0,2,3,0,0,0,0,18,1,,
2021,Collin Johnson (CHI),545,8,11,105,9.5,87,7.9,0,0,18,1.6,8,0.7,2,21,0.037,12,1,1,6,0,0,0,0,16,0,,
2021,Trinity Benson (FA),546,7,10,103,10.3,52,5.2,0,0,51,5.1,14,1.4,0,22,0.039,13,3,1,3,2,0,0,0,24,0,,
2021,Chris Hogan (FA),547,5,4,41,10.3,20,5,0,0,21,5.3,2,0.5,0,8,0.017,4,0,2,2,0,0,0,0,16,1,,
2021,Shi Smith (KC),548,5,6,104,17.3,33,5.5,0,0,71,11.8,7,1.2,0,11,0.019,6,0,1,3,1,1,1,1,63,0,,
2021,Auden Tate (FA),549,4,3,39,13,18,6,0,0,21,7,8,2.7,2,4,0.007,3,0,1,2,0,0,0,0,18,1,,
2021,Josh Gordon (FA),550,9,5,32,6.4,27,5.4,0,0,5,1,0,0,0,14,0.022,8,2,3,1,0,0,0,0,11,1,,
2021,Cameron Batson (FA),551,4,2,15,7.5,14,7,0,0,1,0.5,0,0,0,5,0.01,2,0,2,1,0,0,0,0,13,1,,
2021,Anthony Miller (KC),552,3,6,25,4.2,15,2.5,0,0,10,1.7,3,0.5,0,12,0.023,8,0,1,1,0,0,0,0,10,1,,
2021,Dezmon Patmon (FA),553,4,2,21,10.5,18,9,0,0,3,1.5,0,0,0,4,0.008,2,0,1,1,0,0,0,0,14,1,,
2021,Preston Williams (FA),554,6,6,71,11.8,33,5.5,0,0,38,6.3,10,1.7,2,16,0.027,12,3,4,2,2,1,0,0,34,0,,
2021,KJ Hamler (BUF),555,3,5,74,14.8,58,11.6,0,0,16,3.2,0,0,0,10,0.019,6,1,0,3,2,0,0,0,28,3,,
2021,Dede Westbrook (FA),556,15,10,68,6.8,51,5.1,0,0,17,1.7,6,0.6,0,15,0.026,10,0,0,2,0,0,0,0,17,0,,
2021,Dax Milne (WAS),557,9,9,83,9.2,49,5.4,0,0,34,3.8,3,0.3,0,14,0.026,10,0,1,4,1,0,0,0,22,0,,
2021,Ja'Marcus Bradley (FA),558,4,4,64,16,48,12,0,0,16,4,5,1.3,0,4,0.008,4,0,0,2,1,1,0,0,37,0,,
2021,Penny Hart (FA),559,12,7,59,8.4,18,2.6,0,0,41,5.9,5,0.7,0,12,0.025,9,1,1,3,0,0,0,0,16,0,,
2021,C.J. Board (FA),560,6,4,51,12.8,38,9.5,0,0,13,3.3,0,0,0,6,0.011,4,0,1,1,1,1,0,0,38,0,,
2021,Amari Rodgers (FA),561,16,4,45,11.3,21,5.3,0,0,24,6,12,3,1,8,0.014,7,1,2,2,0,0,0,0,19,0,,
2021,Jason Moore Jr. (FA),562,1,3,56,18.7,30,10,0,0,26,8.7,4,1.3,0,4,0.006,3,0,0,3,1,0,0,0,24,0,,
2021,Alex Erickson (LAC),563,17,3,55,18.3,25,8.3,0,0,30,10,2,0.7,0,4,0.007,3,0,0,3,1,0,0,0,25,0,,
2021,Jaelon Darden (CLE),564,9,6,43,7.2,19,3.2,0,0,24,4,2,0.3,0,12,0.017,6,0,0,1,1,0,0,0,29,0,,
2021,William Fuller V (FA),565,2,4,26,6.5,16,4,0,0,10,2.5,4,1,1,8,0.013,4,0,0,1,0,0,0,0,10,0,,
2021,Greg Dortch (ARI),566,5,3,15,5,-16,-5.3,0,0,31,10.3,4,1.3,0,3,0.005,3,0,1,1,0,0,0,0,10,0,,
2021,Juwann Winfree (IND),567,5,8,58,7.3,27,3.4,0,0,31,3.9,9,1.1,1,13,0.023,10,1,3,4,0,0,0,0,12,0,,
2021,Kevin White (FA),568,4,1,38,38,29,29,0,0,9,9,4,4,0,5,0.011,2,1,0,1,1,1,0,0,38,0,,
2021,Willie Snead IV (SF),569,7,4,38,9.5,26,6.5,0,0,12,3,8,2,1,8,0.013,5,1,2,2,0,0,0,0,15,0,,
2021,Curtis Samuel (BUF),570,5,6,27,4.5,-13,-2.2,0,0,40,6.7,4,0.7,0,9,0.017,6,0,1,1,0,0,0,0,10,0,,
2021,D.J. Montgomery (IND),571,2,3,36,12,21,7,0,0,15,5,0,0,0,6,0.01,3,0,1,2,0,0,0,0,14,0,,
2021,Pharoh Cooper (FA),572,8,4,33,8.3,26,6.5,0,0,7,1.8,3,0.8,0,11,0.02,6,0,3,1,0,0,0,0,15,0,,
2021,J.J. Arcega-Whiteside (FA),573,7,2,36,18,7,3.5,0,0,29,14.5,3,1.5,0,5,0.011,5,3,0,2,1,0,0,0,23,0,,
2021,Trenton Irwin (CIN),574,5,2,34,17,6,3,0,0,28,14,0,0,0,5,0.009,2,0,1,1,1,0,0,0,25,0,,
2021,Cody Hollister (FA),575,3,4,33,8.3,16,4,0,0,17,4.3,13,3.3,0,7,0.013,4,0,2,1,0,0,0,0,14,0,,
2021,Cody White (SEA),576,6,5,33,6.6,19,3.8,0,0,14,2.8,4,0.8,0,6,0.009,6,1,0,1,0,0,0,0,11,0,,
2021,KJ Hill Jr. (FA),577,6,3,30,10,18,6,0,0,12,4,0,0,0,3,0.005,3,0,0,1,0,0,0,0,19,0,,
2021,Jake Kumerow (FA),578,7,2,28,14,21,10.5,0,0,7,3.5,4,2,0,6,0.01,3,1,2,2,0,0,0,0,15,0,,
2021,Christian Blake (FA),579,10,4,25,6.3,23,5.8,0,0,2,0.5,0,0,0,10,0.018,5,1,2,0,0,0,0,0,8,0,,
2021,Marcus Kemp (FA),580,12,2,24,12,16,8,0,0,8,4,2,1,0,5,0.008,3,1,0,1,0,0,0,0,16,0,,
2021,Tylan Wallace (BAL),581,10,2,23,11.5,9,4.5,0,0,14,7,10,5,2,6,0.01,2,0,1,1,0,0,0,0,18,0,,
2021,Dazz Newsome (FA),582,3,2,23,11.5,8,4,0,0,15,7.5,6,3,0,5,0.01,2,0,0,2,0,0,0,0,13,0,,
2021,Keith Kirkwood (NO),583,3,3,17,5.7,1,0.3,0,0,16,5.3,2,0.7,0,7,0.012,4,1,1,0,0,0,0,0,7,0,,
2021,David Sills (DEN),584,4,2,17,8.5,15,7.5,0,0,2,1,0,0,0,6,0.011,3,1,1,1,0,0,0,0,12,0,,
2021,Tyron Billy-Johnson (FA),585,7,2,16,8,7,3.5,0,0,9,4.5,0,0,0,5,0.009,2,0,0,1,0,0,0,0,10,0,,
2021,Stanley Morgan Jr. (CIN),586,11,2,11,5.5,-9,-4.5,0,0,20,10,0,0,0,4,0.007,2,0,0,0,0,0,0,0,8,0,,
2021,Frank Darby (ATL),587,4,1,14,14,3,3,0,0,11,11,4,4,1,4,0.007,2,1,0,1,0,0,0,0,14,0,,
2021,Racey McMath (DAL),588,6,2,8,4,-1,-0.5,0,0,9,4.5,0,0,0,6,0.011,2,0,1,0,0,0,0,0,9,0,,
2021,Travis Benjamin (FA),589,5,0,0,0,0,0,0,0,0,0,0,0,0,5,0.01,0,0,0,0,0,0,0,0,0,0,,
2021,Diontae Spencer (FA),590,15,1,-3,-3,-3,-3,0,0,0,0,0,0,0,4,0.008,1,0,1,0,0,0,0,0,0,0,,
